21.58,22.593074560165405,0.1452318460192476,0.0,0.12962962962962962,0.2125,0.2066974595842956,0.19669876203576342,0.26871657754010697,0.3082706766917293,0.2432010003125977,0.13656387665198239,0.166,0.0,0.007,0.034,0.716,0.143,0.201,0.082,0.778,0.031
21.22,22.230891466140747,0.11764705882352941,nan,0.22761194029850745,0.125,0.20985455624814486,0.28431372549019607,0.2857142857142857,0.2730496453900709,0.1986331569664903,0.18927973199329984,0.002,0.0,0.061,0.001,0.707,0.029,0.154,0.154,0.901,0.113
22.93,22.149415731430054,0.3333333333333333,nan,0.27403846153846156,0.0,0.2727272727272727,0.22270742358078602,0.32831325301204817,0.24439701173959444,0.22006472491909385,0.17027707808564232,0.001,0.0,0.114,0.0,0.567,0.051,0.109,0.229,0.884,0.338
24.83,21.979785680770874,0.18032786885245902,nan,0.22731804586241275,0.25,0.2529137529137529,0.21293375394321767,0.3047895500725689,0.25162488393686167,0.2478581979320532,0.2390158172231986,0.011,0.0,0.228,0.002,0.651,0.135,0.21,0.271,0.839,0.136
26.5,21.83129906654358,0.21894736842105264,nan,0.265625,0.2647058823529412,0.2663018695850433,0.21264894592117323,0.2802139037433155,0.2925430210325048,0.28311425682507585,0.2578947368421053,0.104,0.0,0.221,0.009,0.584,0.232,0.262,0.153,0.84,0.245
26.04,21.883087635040283,0.23172242874845106,nan,0.277992277992278,0.4166666666666667,0.2664624808575804,0.29896907216494845,0.29876160990712075,0.3101391650099404,0.2664222425908952,0.21998995479658462,0.187,0.0,0.144,0.005,0.522,0.087,0.193,0.156,0.872,0.438
27.22,21.771844625473022,0.242914979757085,nan,0.24422442244224424,0.21839080459770116,0.24472417623102555,0.2893401015228426,0.2587890625,0.30422535211267604,0.3172541743970315,0.2571041948579161,0.18,0.0,0.222,0.019,0.661,0.114,0.265,0.216,0.855,0.19
27.13,21.762773990631104,0.19867183176535694,nan,0.24567474048442905,0.25903614457831325,0.2743566176470588,0.2339622641509434,0.313588850174216,0.30013106159895153,0.31496062992125984,0.26573426573426573,0.359,0.0,0.213,0.043,0.597,0.062,0.18,0.229,0.84,0.19
27.78,21.726465940475464,0.2423038728897716,nan,0.24676616915422886,0.21739130434782608,0.2632714717306862,0.27303754266211605,0.2733900364520049,0.29685807150595883,0.31685724824787903,0.2594654788418708,0.244,0.0,0.248,0.005,0.61,0.08,0.225,0.274,0.859,0.233
28.29,21.685463905334473,0.2494908350305499,nan,0.24906367041198502,0.2692307692307692,0.26848591549295775,0.2636165577342048,0.304857621440536,0.27443946188340806,0.327419976860779,0.27440633245382584,0.245,0.0,0.266,0.042,0.61,0.121,0.182,0.306,0.849,0.208
27.93,21.69472098350525,0.21362668559261888,nan,0.23704333050127444,0.265625,0.27944111776447106,0.2826086956521739,0.32827324478178366,0.24602573807721423,0.3450996677740864,0.2813953488372093,0.301,0.0,0.279,0.017,0.56,0.065,0.173,0.325,0.831,0.242
28.48,21.669025897979736,0.21378430121250797,nan,0.25585754451733833,0.24271844660194175,0.28331735378715245,0.2765957446808511,0.3592814371257485,0.2850729517396184,0.3497907949790795,0.26410835214446954,0.335,0.0,0.273,0.075,0.591,0.13,0.12,0.254,0.836,0.234
27.27,21.746826648712158,0.21227197346600332,nan,0.24006908462867013,0.22727272727272727,0.28069353327085284,0.23014586709886548,0.3351206434316354,0.26104417670682734,0.31648089171974525,0.28217054263565894,0.256,0.0,0.278,0.025,0.599,0.142,0.125,0.325,0.795,0.182
28.6,21.623744010925293,0.23746452223273415,nan,0.2553191489361702,0.2177650429799427,0.2997101449275362,0.2975,0.3541147132169576,0.2626689189189189,0.3238552437223043,0.26532399299474607,0.251,0.0,0.264,0.076,0.517,0.119,0.142,0.311,0.877,0.303
29.53,21.55859684944153,0.23782234957020057,nan,0.24914089347079038,0.2616822429906542,0.31910828025477705,0.23325453112687156,0.3090909090909091,0.2426751592356688,0.4229122055674518,0.2744721689059501,0.166,0.0,0.29,0.056,0.501,0.296,0.187,0.381,0.79,0.286
29.57,21.561094284057617,0.23430962343096234,nan,0.23619371282922685,0.32142857142857145,0.28641975308641976,0.28011611030478956,0.32710280373831774,0.28241206030150756,0.35902720527617477,0.28747203579418346,0.224,0.0,0.278,0.063,0.58,0.193,0.21,0.281,0.871,0.257
29.06,21.557450771331787,0.23311258278145697,nan,0.25513196480938416,0.2923076923076923,0.2997737556561086,0.2575957727873184,0.2958904109589041,0.2783400809716599,0.34285714285714286,0.25859106529209624,0.176,0.0,0.261,0.076,0.53,0.195,0.216,0.275,0.876,0.301
28.55,21.63109588623047,0.23452768729641693,nan,0.24039408866995074,0.30708661417322836,0.30206540447504304,0.2616822429906542,0.29790419161676646,0.29625425652667425,0.36949755446865273,0.23372781065088757,0.288,0.0,0.244,0.039,0.351,0.168,0.199,0.261,0.831,0.474
29.96,21.498934268951416,0.21691176470588236,nan,0.2401500938086304,0.27741935483870966,0.2818662818662819,0.26953125,0.30337078651685395,0.2847985347985348,0.41416625676340385,0.3004694835680751,0.236,0.0,0.256,0.086,0.586,0.207,0.216,0.311,0.842,0.256
29.53,21.5237934589386,0.22289156626506024,nan,0.24348607367475292,0.28837209302325584,0.28484231943031535,0.28056426332288403,0.2846153846153846,0.31358381502890176,0.397215777262181,0.2605570530098832,0.296,0.0,0.271,0.062,0.56,0.179,0.222,0.217,0.856,0.29
29.21,21.553127765655518,0.27073552425665104,nan,0.23590225563909775,0.3465346534653465,0.27571008814887366,0.28772919605077574,0.3111111111111111,0.2978303747534517,0.35104669887278583,0.24677296886864086,0.173,0.0,0.251,0.035,0.563,0.204,0.196,0.302,0.872,0.325
29.95,21.506857872009277,0.26143790849673204,nan,0.2577092511013216,0.3382352941176471,0.28305681246857717,0.2850182704019488,0.28066298342541435,0.29850746268656714,0.40048076923076925,0.23671155209071582,0.16,0.0,0.234,0.023,0.563,0.234,0.254,0.36,0.833,0.334
30.35,21.479656219482422,0.2414431082331175,nan,0.2814207650273224,0.27040816326530615,0.3119266055045872,0.29458917835671344,0.2982456140350877,0.2630853994490358,0.38684807256235826,0.27360594795539034,0.261,0.0,0.206,0.053,0.51,0.147,0.255,0.382,0.853,0.368
29.49,21.534480094909668,0.22417982989064397,nan,0.2920892494929006,0.2692307692307692,0.27537511032656664,0.2876404494382023,0.34269662921348315,0.2976324689966178,0.3833548943510134,0.24292845257903495,0.369,0.0,0.144,0.056,0.624,0.128,0.183,0.264,0.889,0.292
29.52,21.52091670036316,0.22583732057416267,nan,0.2656449553001277,0.265993265993266,0.28057913130304546,0.24839006439742412,0.32086614173228345,0.29430379746835444,0.3765164644714038,0.2801175318315377,0.236,0.0,0.208,0.079,0.562,0.27,0.163,0.279,0.869,0.286
30.43,21.44017457962036,0.2479892761394102,nan,0.257,0.27522935779816515,0.298567335243553,0.2655310621242485,0.290516206482593,0.3324572930354796,0.4053546265852513,0.2511978097193703,0.185,0.0,0.257,0.09,0.521,0.265,0.242,0.253,0.863,0.367
29.85,21.488649606704712,0.22067363530778164,nan,0.26666666666666666,0.296875,0.31199411331861665,0.25218023255813954,0.3249258160237389,0.3219645293315143,0.38803263825929285,0.24541284403669725,0.19,0.0,0.228,0.057,0.424,0.347,0.219,0.236,0.856,0.428
30.57,21.428813219070435,0.23372781065088757,nan,0.27348066298342544,0.2468354430379747,0.31875414181577205,0.2900976290097629,0.30504587155963303,0.30501089324618735,0.4169921875,0.24129930394431554,0.237,0.0,0.198,0.117,0.481,0.208,0.266,0.28,0.854,0.416
31.2,21.413515090942383,0.22596491228070176,nan,0.26666666666666666,0.2976878612716763,0.32802768166089963,0.272294887039239,0.28044280442804426,0.3041825095057034,0.47085714285714286,0.27054545454545453,0.322,0.0,0.252,0.103,0.474,0.229,0.304,0.24,0.824,0.372
30.36,21.469871759414673,0.23084291187739464,nan,0.2947976878612717,0.2889733840304182,0.31809643080776456,0.2842998585572843,0.3023543990086741,0.2801894238358327,0.38201754385964914,0.2552770448548813,0.241,0.0,0.153,0.076,0.508,0.201,0.244,0.355,0.871,0.387
29.82,21.49897074699402,0.2213375796178344,nan,0.27049180327868855,0.2740963855421687,0.29000517866390474,0.25538971807628524,0.3380035026269702,0.3184713375796178,0.3825088339222615,0.2817371937639198,0.417,0.0,0.198,0.091,0.56,0.154,0.193,0.25,0.866,0.253
31.05,21.388630151748657,0.2211267605633803,nan,0.26993865030674846,0.24647887323943662,0.3027027027027027,0.2633587786259542,0.3079470198675497,0.27976190476190477,0.4661064425770308,0.30980861244019137,0.314,0.0,0.22,0.105,0.56,0.207,0.279,0.329,0.832,0.259
31.08,21.386183977127075,0.2370304114490161,nan,0.27342888643880925,0.27241379310344827,0.31693648816936487,0.26485148514851486,0.30242825607064017,0.29795520934761444,0.4064814814814815,0.2843803056027165,0.265,0.0,0.248,0.079,0.509,0.214,0.274,0.306,0.878,0.335
30.84,21.417815446853638,0.23647146034099334,nan,0.2541743970315399,0.2563291139240506,0.28550074738415543,0.2849083215796897,0.2897196261682243,0.3178294573643411,0.4330587023686921,0.31105047748976805,0.319,0.0,0.274,0.081,0.573,0.202,0.279,0.287,0.841,0.228
29.87,21.48741388320923,0.26193001060445387,nan,0.2685624012638231,0.2914572864321608,0.32937450514647665,0.30093457943925234,0.2936596218020022,0.2945590994371482,0.4071799716580066,0.21108742004264391,0.247,0.0,0.17,0.058,0.416,0.161,0.264,0.314,0.862,0.495
29.91,21.473467111587524,0.24671916010498687,nan,0.26180257510729615,0.28969359331476324,0.30914285714285716,0.2795100222717149,0.30269413629160064,0.3142548596112311,0.33158878504672895,0.2755388940955951,0.188,0.0,0.244,0.104,0.541,0.251,0.191,0.291,0.887,0.294
30.87,21.420265197753906,0.26994535519125684,nan,0.2744874715261959,0.2778904665314402,0.3160095579450418,0.311046511627907,0.29539951573849876,0.3041095890410959,0.3775465973125271,0.2574931880108992,0.247,0.0,0.241,0.137,0.529,0.107,0.244,0.333,0.871,0.378
29.5,21.54642343521118,0.2727272727272727,nan,0.2762589928057554,0.30656934306569344,0.29796954314720814,0.30864197530864196,0.3395872420262664,0.31263858093126384,0.31129765652325986,0.23980309423347398,0.168,0.0,0.192,0.084,0.587,0.225,0.181,0.282,0.89,0.341
30.82,21.436917066574097,0.2601010101010101,nan,0.24854368932038834,0.2702702702702703,0.3086930810171496,0.30132939438700146,0.3218232044198895,0.2983050847457627,0.38578453285650427,0.2662440570522979,0.206,0.0,0.256,0.11,0.522,0.204,0.233,0.352,0.863,0.336
30.89,21.39366579055786,0.2681867535287731,nan,0.26123936816524906,0.23132183908045978,0.31119090365050867,0.2948960302457467,0.3035509736540664,0.310107948969578,0.39505597014925375,0.27341389728096677,0.247,0.0,0.215,0.161,0.52,0.156,0.265,0.316,0.847,0.362
31.1,21.38172435760498,0.2576204523107178,nan,0.2619745845552297,0.28448275862068967,0.3088942307692308,0.30842911877394635,0.3142493638676845,0.30035971223021585,0.4005474452554745,0.26170798898071623,0.262,0.0,0.268,0.066,0.514,0.161,0.247,0.334,0.878,0.38
31.28,21.365795373916626,0.25552825552825553,nan,0.26106696935300794,0.23738872403560832,0.3060773480662983,0.27655310621242485,0.31493099121706397,0.30831643002028397,0.39973021582733814,0.29141370338248046,0.208,0.0,0.23,0.08,0.554,0.276,0.251,0.304,0.889,0.336
31.24,21.388397216796875,0.2759776536312849,nan,0.25842696629213485,0.2411214953271028,0.28464067637388446,0.3082191780821918,0.3277777777777778,0.3069029850746269,0.4321608040201005,0.2591240875912409,0.247,0.0,0.253,0.129,0.606,0.18,0.236,0.329,0.86,0.284
31.95,21.332340240478516,0.24925521350546176,nan,0.25888787602552416,0.25745257452574527,0.3238213399503722,0.28179043743641913,0.3197278911564626,0.30180180180180183,0.4781609195402299,0.2702301410541945,0.251,0.0,0.284,0.095,0.522,0.277,0.235,0.335,0.832,0.364
30.43,21.41978907585144,0.21163012392755004,nan,0.28005464480874315,0.22483660130718955,0.3003701745108408,0.25874125874125875,0.33393501805054154,0.3048368953880765,0.45853397538790797,0.2914847161572052,0.444,0.0,0.205,0.172,0.568,0.074,0.185,0.271,0.857,0.267
31.32,21.357980966567993,0.25235531628532976,nan,0.30659025787965616,0.23433874709976799,0.30464991982896844,0.2984014209591474,0.2807192807192807,0.3386243386243386,0.40674789128397376,0.2820754716981132,0.375,0.0,0.214,0.101,0.57,0.168,0.281,0.256,0.868,0.299
31.04,21.38658380508423,0.24238227146814403,nan,0.2937956204379562,0.29295774647887324,0.30799475753604194,0.3102362204724409,0.335,0.32798165137614677,0.40705882352941175,0.24802110817941952,0.35,0.0,0.161,0.104,0.47,0.197,0.201,0.286,0.865,0.47
31.56,21.336647987365723,0.2821576763485477,nan,0.2623612512613522,0.24646464646464647,0.2880324543610548,0.3192982456140351,0.2943820224719101,0.3283582089552239,0.4435817805383023,0.26387832699619773,0.272,0.0,0.26,0.122,0.568,0.182,0.262,0.286,0.857,0.347
31.89,21.317686557769775,0.2532347504621072,nan,0.2803970223325062,0.2892857142857143,0.2786885245901639,0.2863636363636364,0.28460877042132415,0.33665835411471323,0.49909255898366606,0.2793994995829858,0.274,0.0,0.226,0.081,0.595,0.252,0.331,0.27,0.825,0.335
30.81,21.387773513793945,0.2591493570722057,nan,0.27757125154894674,0.25831202046035806,0.33112143331121435,0.2915980230642504,0.2753074739829707,0.340878828229028,0.34980392156862744,0.287338893100834,0.262,0.0,0.224,0.101,0.499,0.177,0.291,0.256,0.892,0.379
31.52,21.32908821105957,0.26211072664359863,nan,0.2765957446808511,0.2619047619047619,0.28716216216216217,0.3001605136436597,0.3034330011074197,0.3130252100840336,0.4262135922330097,0.28293736501079914,0.303,0.0,0.234,0.121,0.595,0.187,0.274,0.298,0.878,0.262
30.86,21.38963747024536,0.28186714542190305,nan,0.29635499207606975,0.24945770065075923,0.33949704142011833,0.2604501607717042,0.29692470837751855,0.32061068702290074,0.43652784746613144,0.21735201084500677,0.157,0.0,0.187,0.115,0.459,0.243,0.28,0.294,0.87,0.481
32.39,21.274216175079346,0.25525743292240755,nan,0.3189910979228487,0.2867647058823529,0.30381679389312977,0.2725450901803607,0.2895927601809955,0.3185567010309278,0.48006737787759685,0.27727645611156687,0.352,0.0,0.215,0.117,0.597,0.136,0.32,0.309,0.855,0.338
32.32,21.264859914779663,0.2617621899059025,nan,0.2635814889336016,0.23678646934460887,0.34063604240282686,0.3333333333333333,0.2890397672162949,0.3211822660098522,0.46068601583113455,0.2711426726920594,0.306,0.0,0.262,0.112,0.482,0.153,0.298,0.326,0.873,0.42
32.21,21.26950430870056,0.273955773955774,nan,0.27958236658932717,0.2494279176201373,0.34099868593955324,0.28746594005449594,0.2842686292548298,0.3109090909090909,0.43289409468033185,0.2724014336917563,0.223,0.0,0.241,0.109,0.519,0.211,0.309,0.342,0.887,0.38
31.86,21.30033588409424,0.27492447129909364,nan,0.31695721077654515,0.25630252100840334,0.313314447592068,0.2608346709470305,0.2754237288135593,0.32951653944020354,0.42656325739214734,0.28547439126784213,0.182,0.0,0.2,0.122,0.553,0.325,0.325,0.259,0.88,0.34
31.89,21.30795645713806,0.26522187822497423,nan,0.28622754491017965,0.2513562386980108,0.31155507559395246,0.29810901001112344,0.2896174863387978,0.3404539385847797,0.4172593646277857,0.2761394101876676,0.257,0.0,0.239,0.139,0.577,0.268,0.265,0.255,0.88,0.309
32.54,21.275693655014038,0.26014492753623186,nan,0.2980332829046899,0.26548672566371684,0.3283313325330132,0.30562659846547313,0.30498866213151926,0.3746312684365782,0.4211026615969582,0.2745519713261649,0.359,0.0,0.197,0.12,0.547,0.239,0.269,0.254,0.886,0.383
33.13,21.20803165435791,0.2695871946082561,nan,0.28691476590636256,0.2582781456953642,0.3220640569395018,0.3213166144200627,0.28281117696867064,0.32242063492063494,0.5017502917152858,0.2846153846153846,0.32,0.0,0.239,0.117,0.543,0.205,0.334,0.325,0.86,0.37
32.99,21.22126007080078,0.26678765880217786,nan,0.28442728442728443,0.25183823529411764,0.31064483111566016,0.2793522267206478,0.3235294117647059,0.3215725806451613,0.48412698412698413,0.3081130355515041,0.294,0.0,0.221,0.137,0.607,0.276,0.253,0.319,0.854,0.338
31.85,21.3046715259552,0.2684752104770814,nan,0.26238738738738737,0.2277992277992278,0.31601731601731603,0.30970724191063176,0.30604982206405695,0.3165735567970205,0.42276029055690073,0.27820267686424477,0.287,0.0,0.233,0.118,0.584,0.201,0.258,0.34,0.873,0.291
32.51,21.269312381744385,0.2551092318534179,nan,0.27518959913326113,0.2884097035040431,0.31125071387778414,0.2828729281767956,0.295662100456621,0.3561253561253561,0.45904255319148934,0.30264279624893436,0.362,0.0,0.254,0.107,0.545,0.256,0.259,0.25,0.863,0.355
32.8,21.212350845336914,0.26905829596412556,nan,0.29118773946360155,0.2917933130699088,0.3286755771567436,0.259963768115942,0.292123629112662,0.36451169188445665,0.4621535181236674,0.28440366972477066,0.3,0.0,0.228,0.096,0.541,0.287,0.293,0.265,0.867,0.403
32.93,21.216598749160767,0.26702033598585323,nan,0.29284750337381915,0.2509157509157509,0.3016112789526687,0.2806183115338882,0.3026166097838453,0.32079021636876764,0.5134008338296605,0.29365079365079366,0.302,0.0,0.217,0.137,0.599,0.236,0.266,0.341,0.862,0.333
32.37,21.265174865722656,0.30583756345177665,nan,0.2843016069221261,0.22998544395924309,0.2949504483246815,0.28475033738191635,0.30628019323671496,0.3,0.4766666666666667,0.290519877675841,0.241,0.0,0.23,0.158,0.625,0.211,0.317,0.312,0.858,0.285
32.61,21.240032196044922,0.26537785588752194,nan,0.30758620689655175,0.27577937649880097,0.31796966161026835,0.28103837471783294,0.31095406360424027,0.3450520833333333,0.43683702989392476,0.2743177046885934,0.302,0.0,0.223,0.115,0.545,0.249,0.264,0.265,0.906,0.392
33.03,21.20771098136902,0.24290220820189273,nan,0.3117744610281924,0.24780701754385964,0.33270911360799,0.28125,0.29506641366223907,0.3285859613428281,0.519950890116636,0.2839787395596052,0.308,0.0,0.188,0.113,0.533,0.306,0.311,0.323,0.847,0.374
33.32,21.17635226249695,0.27377220480668757,nan,0.28044692737430166,0.2805194805194805,0.3132075471698113,0.28239845261121854,0.2802795031055901,0.32737430167597764,0.5233064014916097,0.31608133086876156,0.262,0.0,0.251,0.108,0.581,0.292,0.361,0.293,0.842,0.342
32.85,21.220103979110718,0.2774018944519621,nan,0.2753623188405797,0.26525198938992045,0.32265717674970346,0.3029661016949153,0.2959927140255009,0.32475247524752476,0.49171901770416904,0.2603701340140396,0.205,0.0,0.228,0.1,0.544,0.286,0.325,0.328,0.861,0.408
33.05,21.204068422317505,0.27053140096618356,nan,0.29071332436069985,0.24366471734892786,0.32259825327510916,0.2845691382765531,0.317545748116254,0.31636726546906185,0.45477642276422764,0.3081632653061224,0.28,0.0,0.216,0.125,0.591,0.284,0.295,0.317,0.895,0.302
32.76,21.231126070022583,0.2930856553147575,nan,0.3111888111888112,0.2475442043222004,0.31445849367784495,0.3256578947368421,0.31283138918345704,0.33111111111111113,0.46712619300106045,0.24749163879598662,0.284,0.0,0.178,0.126,0.572,0.198,0.295,0.298,0.881,0.444
32.14,21.300141096115112,0.2802690582959641,nan,0.29760225669957685,0.26881720430107525,0.32082866741321386,0.2984126984126984,0.31273644388398486,0.3307860262008734,0.4,0.26440677966101694,0.25,0.0,0.211,0.075,0.573,0.282,0.248,0.303,0.882,0.39
32.77,21.227632999420166,0.27488151658767773,nan,0.2662921348314607,0.32867132867132864,0.32086167800453513,0.28493150684931506,0.3051506316812439,0.34459459459459457,0.47917823431426987,0.26047711154094133,0.232,0.0,0.237,0.094,0.566,0.312,0.314,0.255,0.863,0.404
32.86,21.214818716049194,0.2842712842712843,nan,0.25412844036697246,0.28888888888888886,0.30832057172026545,0.30444203683640303,0.2989593188268685,0.3113291703835861,0.47419880499728406,0.29732313575525815,0.197,0.0,0.277,0.078,0.604,0.281,0.316,0.349,0.873,0.311
33.26,21.196243047714233,0.2742653606411398,nan,0.2515021459227468,0.27789473684210525,0.31567205800334636,0.3187830687830688,0.3136456211812627,0.3813291139240506,0.4974212034383954,0.27765237020316025,0.308,0.0,0.293,0.132,0.566,0.241,0.308,0.241,0.868,0.369
33.29,21.19587755203247,0.28894173602853745,nan,0.2938076416337286,0.27899686520376177,0.3036053130929791,0.2935560859188544,0.3105110896817743,0.3092608326253186,0.5063805104408353,0.27485380116959063,0.243,0.0,0.223,0.089,0.64,0.246,0.322,0.364,0.873,0.329
32.85,21.209606409072876,0.27695800227014755,nan,0.2727272727272727,0.2398843930635838,0.31683168316831684,0.2814238042269188,0.32806804374240583,0.30200729927007297,0.49268841394825647,0.28732394366197184,0.244,0.0,0.231,0.166,0.608,0.253,0.27,0.331,0.876,0.306
32.88,21.202035665512085,0.2863070539419087,nan,0.30013831258644535,0.256797583081571,0.31361550229474755,0.28710725893824485,0.31243358129649307,0.33806451612903227,0.44856999498243855,0.27882797731569,0.276,0.0,0.217,0.17,0.615,0.265,0.294,0.262,0.894,0.295
33.46,21.161892652511597,0.27543679342240496,nan,0.26382978723404255,0.2457627118644068,0.3176470588235294,0.29515418502202645,0.32545045045045046,0.3399765533411489,0.5098265895953757,0.2978142076502732,0.268,0.0,0.31,0.145,0.567,0.268,0.289,0.29,0.882,0.327
33.51,21.162521839141846,0.29510309278350516,nan,0.28484231943031535,0.25413533834586466,0.31788793103448276,0.2931937172774869,0.32216216216216215,0.32012513034410844,0.5165680473372781,0.27287993282955497,0.229,0.0,0.28,0.169,0.59,0.28,0.298,0.307,0.873,0.325
33.4,21.17342734336853,0.28476084538375973,nan,0.29336437718277064,0.26476578411405294,0.32483731019522777,0.28585461689587427,0.30434782608695654,0.3333333333333333,0.456444218033622,0.3060057197330791,0.256,0.0,0.252,0.13,0.599,0.291,0.322,0.273,0.896,0.321
33.05,21.188652276992798,0.31160572337042924,nan,0.2555066079295154,0.24907063197026022,0.3218982275586049,0.31003811944091486,0.32004310344827586,0.3177083333333333,0.47974068071312803,0.27266338721011946,0.196,0.0,0.29,0.134,0.563,0.244,0.297,0.305,0.888,0.388
33.3,21.185376405715942,0.281615302869288,1.0,0.2710686359687228,0.2376599634369287,0.3438818565400844,0.2679900744416873,0.34306569343065696,0.30987202925045704,0.4784250269687163,0.3175182481751825,0.265,0.001,0.312,0.13,0.489,0.324,0.235,0.339,0.887,0.348
32.63,21.222259521484375,0.26964933494558646,nan,0.263653483992467,0.2531328320802005,0.3100458949515553,0.2575516693163752,0.31620111731843575,0.35279187817258884,0.48733821046707937,0.2904162633107454,0.223,0.0,0.28,0.101,0.608,0.324,0.283,0.278,0.866,0.3
33.08,21.182209968566895,0.2773279352226721,nan,0.2402745995423341,0.2625,0.33646028767979985,0.28861330326944756,0.30564430244941426,0.33970753655793023,0.4915445321307779,0.29832303618711387,0.274,0.0,0.315,0.126,0.538,0.256,0.287,0.302,0.872,0.338
33.14,21.188309907913208,0.28042959427207637,nan,0.24696048632218845,0.28205128205128205,0.31704781704781704,0.28125,0.29944547134935307,0.32156488549618323,0.5005767012687428,0.32891246684350134,0.235,0.0,0.325,0.088,0.61,0.279,0.324,0.337,0.868,0.248
33.14,21.20424795150757,0.29892141756548535,nan,0.25952626158599384,0.2905759162303665,0.30493707647628265,0.27617328519855594,0.2899770466717674,0.3155856727976767,0.5828996282527881,0.2914837576821773,0.194,0.0,0.252,0.111,0.63,0.306,0.379,0.326,0.784,0.332
33.26,21.190054416656494,0.29265402843601895,nan,0.2561174551386623,0.2711864406779661,0.3327272727272727,0.29814550641940085,0.3050373134328358,0.30662020905923343,0.5411764705882353,0.2740112994350282,0.247,0.0,0.314,0.112,0.549,0.209,0.327,0.352,0.828,0.388
33.55,21.169806003570557,0.28544776119402987,1.0,0.25604297224709044,0.2646420824295011,0.33906146728354264,0.29975728155339804,0.3063700707785642,0.3516609392898053,0.49794480328831475,0.29163787145818937,0.306,0.001,0.286,0.122,0.513,0.247,0.303,0.307,0.848,0.422
33.61,21.1353759765625,0.29012345679012347,0.3333333333333333,0.2617801047120419,0.2813141683778234,0.31422615945805105,0.2619233776387803,0.32840909090909093,0.3289738430583501,0.5342465753424658,0.3055295220243674,0.235,0.001,0.25,0.137,0.603,0.335,0.289,0.327,0.858,0.326
33.27,21.15027618408203,0.27600554785020803,0.6666666666666666,0.2702251876563803,0.24961479198767333,0.3467202141900937,0.25925925925925924,0.31548974943052394,0.3200419727177335,0.5057537399309551,0.2981316003249391,0.199,0.002,0.324,0.162,0.518,0.294,0.277,0.305,0.879,0.367
32.28,21.255990982055664,0.3020833333333333,0.0,0.24454976303317535,0.28611898016997167,0.3036649214659686,0.2712765957446808,0.29912663755458513,0.3215811965811966,0.4532994923857868,0.2943396226415094,0.145,0.0,0.258,0.101,0.638,0.306,0.274,0.301,0.893,0.312
33.45,21.159353733062744,0.2950191570881226,0.5,0.2448405253283302,0.27058823529411763,0.3325594892629135,0.28966521106259097,0.29053084648493543,0.29770318021201414,0.5232909860859044,0.3187022900763359,0.231,0.002,0.261,0.138,0.573,0.199,0.405,0.337,0.865,0.334
33.98,21.114983797073364,0.2757605495583906,0.5,0.2737430167597765,0.2736625514403292,0.32042791645440655,0.2784090909090909,0.3169164882226981,0.33902439024390246,0.5661764705882353,0.2988705473501303,0.281,0.002,0.245,0.133,0.629,0.343,0.296,0.278,0.847,0.344
33.55,21.16530442237854,0.2853881278538813,0.5,0.271689497716895,0.27427184466019416,0.3323732718894009,0.27228525121555913,0.3205849268841395,0.343980343980344,0.5307503075030751,0.26840390879478826,0.25,0.001,0.238,0.113,0.577,0.336,0.285,0.28,0.863,0.412
32.65,21.217124462127686,0.2982005141388175,nan,0.2675,0.28653295128939826,0.3243997766610832,0.2847457627118644,0.3048543689320388,0.3105218135158255,0.487873660462493,0.24883720930232558,0.232,0.0,0.214,0.1,0.581,0.168,0.314,0.363,0.865,0.428
34.09,21.0985267162323,0.28232189973614774,0.0,0.28038379530916846,0.27056962025316456,0.33392018779342725,0.30434782608695654,0.32399512789281365,0.3360655737704918,0.5356265356265356,0.2809749492213947,0.321,0.0,0.263,0.171,0.569,0.245,0.266,0.287,0.872,0.415
33.94,21.109682083129883,0.26660914581535805,0.0,0.31505102040816324,0.27370689655172414,0.35714285714285715,0.27884615384615385,0.3097251585623679,0.328544061302682,0.5289052890528906,0.2756052141527002,0.309,0.0,0.247,0.127,0.51,0.261,0.293,0.343,0.86,0.444
33.55,21.15453600883484,0.2791005291005291,0.0,0.2740076824583867,0.26898047722342733,0.30678046467520154,0.2972689075630252,0.3314285714285714,0.3581395348837209,0.5407779171894604,0.2593516209476309,0.211,0.0,0.214,0.124,0.647,0.283,0.29,0.308,0.862,0.416
33.89,21.116168975830078,0.2777777777777778,0.0,0.3087818696883853,0.27348066298342544,0.3315593400745077,0.26766917293233083,0.32012513034410844,0.3203971119133574,0.49333333333333335,0.3038086802480071,0.2,0.0,0.218,0.099,0.623,0.356,0.307,0.355,0.888,0.343
33.74,21.118830680847168,0.27101038715769593,0.0,0.2872340425531915,0.2777777777777778,0.3251500272776868,0.30566534914361,0.3076923076923077,0.3049363057324841,0.5011441647597255,0.30449251247920134,0.287,0.0,0.216,0.09,0.596,0.232,0.328,0.383,0.876,0.366
33.82,21.118138551712036,0.2677322677322677,0.15789473684210525,0.3087818696883853,0.3220338983050847,0.3275954814416353,0.2817631806395851,0.2985507246376812,0.321390937829294,0.5339141257000622,0.286512928022362,0.268,0.003,0.218,0.076,0.609,0.326,0.309,0.305,0.858,0.41
33.92,21.120198726654053,0.276078431372549,0.2222222222222222,0.2853881278538813,0.2783171521035599,0.33856893542757416,0.3006802721088435,0.30810234541577824,0.3191681735985534,0.4846195358877496,0.304867634500427,0.352,0.004,0.25,0.086,0.582,0.221,0.289,0.353,0.898,0.357
33.24,21.19199013710022,0.28541448058761804,0.21568627450980393,0.2641711229946524,0.2905759162303665,0.32226258432797095,0.3194244604316547,0.3236111111111111,0.2985781990521327,0.4367484367484368,0.3235887096774194,0.272,0.011,0.247,0.111,0.621,0.222,0.233,0.378,0.908,0.321
33.93,21.11678457260132,0.27949599083619703,0.203125,0.32063074901445465,0.24574961360123648,0.34903225806451615,0.2694063926940639,0.3184713375796178,0.3352272727272727,0.49266365688487584,0.3091060985797828,0.244,0.013,0.244,0.159,0.541,0.354,0.3,0.295,0.873,0.37
34.11,21.115801095962524,0.298728813559322,0.1625,0.280982905982906,0.3166144200626959,0.3275669642857143,0.3300653594771242,0.30940834141610085,0.29806949806949806,0.49971925884334645,0.30413223140495865,0.282,0.013,0.263,0.101,0.587,0.202,0.319,0.386,0.89,0.368
33.82,21.11651635169983,0.2808988764044944,0.18181818181818182,0.2623400365630713,0.2685810810810811,0.3340794627867935,0.3062261753494282,0.3300970873786408,0.31948291782086796,0.48399348887683125,0.3168224299065421,0.275,0.008,0.287,0.159,0.597,0.241,0.238,0.346,0.892,0.339
34.54,21.063342094421387,0.27230483271375466,0.19230769230769232,0.2931596091205212,0.3081395348837209,0.37369207772795215,0.3067685589519651,0.33827160493827163,0.35412026726057905,0.5509171410499684,0.25726744186046513,0.293,0.01,0.27,0.106,0.5,0.281,0.274,0.318,0.871,0.531
35.04,21.01369547843933,0.2663622526636225,0.1896551724137931,0.2765055131467345,0.288,0.37364864864864866,0.31545741324921134,0.3000914913083257,0.3482794577685089,0.5438705662725576,0.32653061224489793,0.35,0.011,0.326,0.144,0.553,0.2,0.328,0.334,0.874,0.384
34.86,21.033621311187744,0.30106382978723406,0.2727272727272727,0.2868937048503612,0.26285714285714284,0.34155363748458695,0.3216520650813517,0.3336980306345733,0.35038363171355497,0.5271966527196653,0.29411764705882354,0.283,0.024,0.278,0.184,0.554,0.257,0.305,0.274,0.882,0.445
34.67,21.030718326568604,0.29466357308584684,0.26,0.289247311827957,0.2813953488372093,0.3408685306365259,0.3063700707785642,0.33256880733944955,0.31690140845070425,0.5142359093550262,0.3002257336343115,0.254,0.013,0.269,0.121,0.573,0.303,0.29,0.36,0.885,0.399
34.84,21.02846932411194,0.2753108348134991,0.24,0.30148619957537154,0.29156626506024097,0.3473124630832841,0.29435483870967744,0.3103448275862069,0.33134920634920634,0.534629404617254,0.3160865475070555,0.31,0.024,0.284,0.121,0.588,0.292,0.315,0.334,0.88,0.336
34.14,21.100772857666016,0.3063209076175041,0.20618556701030927,0.2837022132796781,0.2678018575851393,0.3569682151589242,0.2967515364354697,0.30759493670886073,0.308529945553539,0.46715328467153283,0.3412863070539419,0.189,0.04,0.282,0.173,0.584,0.338,0.243,0.34,0.896,0.329
34.15,21.105311393737793,0.2791380999020568,0.2555066079295154,0.2811534500514933,0.26666666666666666,0.33153347732181426,0.3140495867768595,0.3195530726256983,0.3326790971540726,0.5130890052356021,0.29805249788314986,0.285,0.058,0.273,0.136,0.614,0.19,0.286,0.339,0.882,0.352
34.74,21.06518030166626,0.2900990099009901,0.3,0.27949709864603484,0.2870159453302961,0.3397773872290568,0.3130630630630631,0.3212809917355372,0.33471933471933474,0.5022650056625142,0.31762652705061084,0.293,0.024,0.289,0.126,0.58,0.278,0.311,0.322,0.887,0.364
34.66,21.06351947784424,0.2947686116700201,0.20098039215686275,0.2761714855433699,0.29155313351498635,0.33761878144214647,0.3137535816618911,0.33531510107015455,0.3250883392226148,0.5155709342560554,0.3077544426494346,0.293,0.041,0.277,0.107,0.604,0.219,0.282,0.368,0.894,0.381
34.45,21.072591066360474,0.2677100494233937,0.2074074074074074,0.33699059561128525,0.2817796610169492,0.32433758586849853,0.2823886639676113,0.3407494145199063,0.3272543059777102,0.5085034013605442,0.3419354838709677,0.325,0.056,0.215,0.133,0.661,0.279,0.291,0.323,0.897,0.265
34.89,21.038836240768433,0.2887323943661972,0.20915032679738563,0.2892561983471074,0.2805755395683453,0.38323353293413176,0.3191823899371069,0.31470588235294117,0.32679738562091504,0.5223792697290931,0.30428863172226006,0.369,0.032,0.315,0.117,0.448,0.203,0.321,0.35,0.887,0.447
34.62,21.059335231781006,0.29112833763996554,0.19637462235649547,0.28585858585858587,0.2697160883280757,0.3668061366806137,0.3258785942492013,0.32994186046511625,0.33136094674556216,0.49832026875699886,0.3158682634730539,0.338,0.065,0.283,0.171,0.526,0.204,0.227,0.336,0.89,0.422
34.49,21.098388671875,0.2975609756097561,0.27956989247311825,0.30020491803278687,0.32840236686390534,0.35992089650626236,0.31,0.3344947735191638,0.36272040302267,0.45994962216624685,0.2704585026117237,0.244,0.052,0.293,0.111,0.546,0.248,0.288,0.288,0.913,0.466
34.03,21.08932614326477,0.30197268588770865,0.24742268041237114,0.2946859903381642,0.29646017699115046,0.32624510352546165,0.2976525821596244,0.32972972972972975,0.381294964028777,0.5053521126760563,0.2607781282860147,0.199,0.024,0.244,0.134,0.583,0.317,0.244,0.265,0.897,0.496
34.65,21.058435440063477,0.3050847457627119,0.2608695652173913,0.3264705882352941,0.29338842975206614,0.3146887159533074,0.29770992366412213,0.33569739952718675,0.3436830835117773,0.5144341801385681,0.2859315589353612,0.234,0.036,0.222,0.142,0.647,0.312,0.284,0.321,0.891,0.376
34.26,21.07576608657837,0.30247933884297523,0.24882629107981222,0.29839704069050554,0.27364864864864863,0.3225119744544971,0.27588424437299036,0.32611311672683513,0.37679083094555876,0.5415140415140415,0.27883310719131615,0.183,0.053,0.242,0.081,0.606,0.429,0.271,0.263,0.887,0.411
34.22,21.104028940200806,0.3067814854682454,0.21818181818181817,0.30859375,0.2814070351758794,0.33446905167518454,0.3104189044038668,0.3546325878594249,0.33989071038251367,0.44877561219390305,0.3001432664756447,0.285,0.06,0.237,0.112,0.589,0.289,0.222,0.311,0.898,0.419
34.9,21.034814596176147,0.3011422637590862,0.30344827586206896,0.29120198265179675,0.2986666666666667,0.32164058283864005,0.3218390804597701,0.3303670745272525,0.32132701421800947,0.5549872122762148,0.2920353982300885,0.29,0.044,0.235,0.112,0.596,0.28,0.297,0.339,0.868,0.429
34.79,21.006256341934204,0.29640151515151514,0.2515151515151515,0.3029525032092426,0.305993690851735,0.35791610284167796,0.3100558659217877,0.31450719822812845,0.33045977011494254,0.5123492245835727,0.2921760391198044,0.313,0.083,0.236,0.097,0.529,0.222,0.284,0.345,0.892,0.478
34.66,21.045072555541992,0.3093994778067885,0.25308641975308643,0.26859903381642514,0.28957528957528955,0.3388042203985932,0.29086115992970124,0.3390957446808511,0.32083333333333336,0.620817843866171,0.2799752781211372,0.237,0.041,0.278,0.15,0.578,0.331,0.255,0.308,0.835,0.453
35.23,20.984294414520264,0.2874493927125506,0.2066115702479339,0.2995391705069124,0.28125,0.3370288248337029,0.30671296296296297,0.3447058823529412,0.33042635658914726,0.5853658536585366,0.30502885408079145,0.355,0.05,0.26,0.117,0.608,0.265,0.293,0.341,0.864,0.37
34.35,21.06505513191223,0.280557834290402,0.3050847457627119,0.27606752730883816,0.31297709923664124,0.36266855926188785,0.325626204238921,0.3362175525339926,0.3492647058823529,0.4955947136563877,0.2740232312565998,0.342,0.036,0.278,0.123,0.511,0.169,0.272,0.285,0.9,0.519
34.71,21.03857660293579,0.2705786471067645,0.26582278481012656,0.3180473372781065,0.3002832861189802,0.35125448028673834,0.28283712784588444,0.36194563662374823,0.3618925831202046,0.5016816143497758,0.28962131837307153,0.332,0.063,0.215,0.106,0.588,0.323,0.253,0.283,0.895,0.413
34.89,20.998889446258545,0.29182156133828996,0.2976190476190476,0.2876064333017975,0.2672955974842767,0.3709798055347794,0.3072,0.34441489361702127,0.3274745605920444,0.5468258956631049,0.28622540250447226,0.314,0.05,0.304,0.17,0.496,0.192,0.259,0.354,0.87,0.48
34.84,21.01489233970642,0.2916299559471366,0.22822822822822822,0.2752688172043011,0.30039525691699603,0.33101231922870916,0.30514096185737977,0.3172043010752688,0.3391038696537678,0.5482866043613707,0.3237150586113616,0.331,0.076,0.256,0.152,0.618,0.184,0.295,0.333,0.88,0.359
34.73,21.04530620574951,0.3081155433287483,0.23057644110275688,0.2843243243243243,0.32175925925925924,0.33049946865037194,0.30327868852459017,0.3506815365551425,0.34541577825159914,0.5368228849665246,0.27638190954773867,0.224,0.092,0.263,0.139,0.622,0.259,0.283,0.324,0.882,0.385
34.48,21.07436513900757,0.3296296296296296,0.2669491525423729,0.3035230352303523,0.2628434886499403,0.358568479008947,0.3432282003710575,0.349002849002849,0.34556962025316457,0.4703455389375967,0.27505112474437626,0.267,0.063,0.224,0.22,0.521,0.185,0.245,0.273,0.912,0.538
34.97,21.002016305923462,0.27609178386380456,0.2087912087912088,0.29557713052858686,0.27261462205700127,0.3726618705035971,0.297111416781293,0.371875,0.3395348837209302,0.5451174289245982,0.3100303951367781,0.373,0.076,0.274,0.22,0.518,0.216,0.238,0.292,0.882,0.408
35.41,20.987312078475952,0.29669156883671294,0.23776223776223776,0.3640552995391705,0.2802653399668325,0.34750911300121506,0.29941860465116277,0.2987012987012987,0.33761682242990654,0.6065454545454545,0.31834662799129804,0.278,0.102,0.158,0.169,0.572,0.309,0.391,0.289,0.834,0.439
35.05,21.004107236862183,0.3119369369369369,0.2508038585209003,0.27761194029850744,0.28933092224231466,0.3327693175408911,0.3191489361702128,0.3258536585365854,0.3713490959666203,0.5337386018237082,0.30187207488299533,0.277,0.078,0.279,0.16,0.59,0.255,0.334,0.267,0.878,0.387
35.08,21.012887001037598,0.3157894736842105,0.2767857142857143,0.3175775480059084,0.2924187725631769,0.3329583802024747,0.31955922865013775,0.3671766342141864,0.307752545027408,0.5218160377358491,0.29015201586252476,0.264,0.062,0.215,0.162,0.592,0.232,0.264,0.393,0.885,0.439
34.66,21.043349266052246,0.3064275037369208,0.25668449197860965,0.3129346314325452,0.2702702702702703,0.3297529538131042,0.28835489833641403,0.3503184713375796,0.3640960809102402,0.5033783783783784,0.2940740740740741,0.205,0.096,0.225,0.16,0.614,0.312,0.275,0.288,0.894,0.397
35.62,20.961907386779785,0.30209481808158767,0.20694444444444443,0.3224368499257058,0.30580357142857145,0.34192439862542956,0.3062622309197652,0.33877995642701525,0.36427732079905994,0.5676913015042512,0.3254637436762226,0.274,0.149,0.217,0.137,0.597,0.313,0.311,0.31,0.868,0.386
35.49,20.97524404525757,0.29850746268656714,0.2334710743801653,0.3524451939291737,0.3415384615384615,0.34575688073394495,0.2978936810431294,0.30950378469301937,0.3428011753183154,0.5642530984996739,0.3,0.24,0.113,0.209,0.111,0.603,0.297,0.368,0.35,0.865,0.393
35.62,20.958938121795654,0.30043859649122806,0.22064777327935223,0.3086283185840708,0.2620689655172414,0.3652459016393443,0.315468940316687,0.3482880755608028,0.34598698481561824,0.5423312883435583,0.32459016393442625,0.274,0.109,0.279,0.19,0.557,0.259,0.295,0.319,0.884,0.396
35.13,20.98252820968628,0.26895306859205775,0.22713864306784662,0.2858481724461106,0.30484988452655887,0.3663294797687861,0.30642023346303504,0.36906377204884666,0.32610939112487103,0.6204863669859986,0.28453738910012677,0.298,0.077,0.305,0.132,0.507,0.315,0.272,0.316,0.842,0.449
34.91,21.008867502212524,0.271585557299843,0.22727272727272727,0.3020937188434696,0.27204502814258913,0.3870716510903427,0.33437990580847726,0.3677298311444653,0.32,0.5116279069767442,0.29979605710401086,0.346,0.08,0.303,0.145,0.497,0.213,0.196,0.368,0.902,0.441
34.96,21.016801118850708,0.30126002290950743,0.20153550863723607,0.26096997690531176,0.2939958592132505,0.35141955835962146,0.3173431734317343,0.39827586206896554,0.345841784989858,0.5,0.3423005565862709,0.263,0.105,0.339,0.142,0.557,0.258,0.231,0.341,0.891,0.369
35.4,20.96877932548523,0.2808460634547591,0.22254335260115607,0.25089605734767023,0.284688995215311,0.36333333333333334,0.3111322549952426,0.3477777777777778,0.3628640776699029,0.5797198132088058,0.3305921052631579,0.239,0.077,0.35,0.119,0.545,0.327,0.313,0.299,0.869,0.402
34.9,21.024460315704346,0.3246951219512195,0.2531328320802005,0.33947772657450076,0.30179028132992325,0.38763197586727,0.29422066549912435,0.31797235023041476,0.34842105263157896,0.4168900804289544,0.32414793328498914,0.213,0.101,0.221,0.118,0.514,0.336,0.276,0.331,0.933,0.447
35.23,20.985626459121704,0.2964071856287425,0.2014388489208633,0.3166441136671177,0.29936305732484075,0.35565110565110564,0.2999096657633243,0.3304628632938644,0.3892128279883382,0.5213076474022184,0.2976109215017065,0.297,0.084,0.234,0.094,0.579,0.332,0.307,0.267,0.893,0.436
35.79,20.949190616607666,0.2781954887218045,0.2383177570093458,0.2846865364850976,0.2857142857142857,0.3458966565349544,0.2935622317596567,0.3542795232936078,0.34524929444967073,0.6797706797706797,0.3049808429118774,0.296,0.051,0.277,0.122,0.569,0.342,0.327,0.367,0.83,0.398
34.97,21.00515913963318,0.31218274111675126,0.26339285714285715,0.28492849284928495,0.2676767676767677,0.344019728729963,0.2910112359550562,0.32588235294117646,0.32580364900086883,0.5434650455927051,0.3097211755840241,0.246,0.059,0.259,0.159,0.558,0.259,0.277,0.375,0.894,0.411
34.93,21.019421577453613,0.2824175824175824,0.21296296296296297,0.2506527415143603,0.32450331125827814,0.3260053619302949,0.3173469387755102,0.3767019667170953,0.38071065989847713,0.5936199722607489,0.29503738953093134,0.257,0.092,0.288,0.098,0.608,0.311,0.249,0.3,0.856,0.434
35.2,20.998237371444702,0.28726877040261156,0.24199288256227758,0.29116684841875684,0.2801724137931034,0.39348370927318294,0.3142570281124498,0.3946360153256705,0.3230769230769231,0.5233532934131736,0.29238754325259514,0.264,0.068,0.267,0.13,0.471,0.313,0.206,0.42,0.874,0.507
35.21,20.970956087112427,0.271786022433132,0.238562091503268,0.26056945642795515,0.2808349146110057,0.3443287037037037,0.31909547738693467,0.33473684210526317,0.35812356979405036,0.611151339608979,0.3205357142857143,0.315,0.073,0.302,0.148,0.595,0.254,0.318,0.313,0.844,0.359
34.52,21.05640172958374,0.2681660899653979,0.2670807453416149,0.2916666666666667,0.2803180914512923,0.3704235463029433,0.25928074245939675,0.39520958083832336,0.35450346420323325,0.5719973457199734,0.27741553052756374,0.155,0.043,0.315,0.141,0.516,0.447,0.198,0.307,0.862,0.468
35.57,20.976083278656006,0.2853159851301115,0.22727272727272727,0.2708333333333333,0.2874828060522696,0.3465346534653465,0.31678486997635935,0.34517203107658156,0.37448559670781895,0.5688311688311688,0.315939957112223,0.307,0.025,0.286,0.209,0.56,0.268,0.311,0.273,0.876,0.442
35.66,20.951383352279663,0.3005050505050505,0.2222222222222222,0.29854368932038833,0.2804878048780488,0.35037768739105174,0.32413793103448274,0.341034103410341,0.34972067039106147,0.5759947814742336,0.29966777408637874,0.238,0.102,0.246,0.138,0.603,0.282,0.31,0.313,0.883,0.451
35.39,20.97286343574524,0.29860228716645487,0.25133689839572193,0.2855313700384123,0.29577464788732394,0.3274470232088799,0.3039117352056169,0.3389296956977964,0.363080684596577,0.5876082611592272,0.28892005610098176,0.235,0.047,0.223,0.168,0.649,0.303,0.323,0.297,0.882,0.412
35.69,20.951380252838135,0.27105052125100243,0.25925925925925924,0.27896995708154504,0.291497975708502,0.3482501434308663,0.34050179211469533,0.34700665188470065,0.32777314428690574,0.6440548780487805,0.3027916964924839,0.338,0.056,0.26,0.144,0.607,0.19,0.313,0.393,0.845,0.423
35.79,20.9291729927063,0.2754491017964072,0.22823529411764706,0.3294289897510981,0.2928082191780822,0.37330623306233063,0.31403118040089084,0.3516355140186916,0.3467391304347826,0.561617458279846,0.3016270337922403,0.276,0.097,0.225,0.171,0.551,0.282,0.301,0.319,0.875,0.482
35.63,20.941922903060913,0.2937799043062201,0.22483940042826553,0.29431438127090304,0.2852852852852853,0.3307901907356948,0.3504950495049505,0.36483253588516745,0.3318264014466546,0.5833887043189369,0.3189806678383128,0.307,0.105,0.264,0.19,0.607,0.177,0.305,0.367,0.878,0.363
35.63,20.95150899887085,0.30600461893764436,0.21653543307086615,0.31424766977363516,0.2942271880819367,0.37716763005780346,0.33116883116883117,0.32338308457711445,0.36724565756823824,0.5502810743285447,0.29063205417607224,0.265,0.11,0.236,0.158,0.522,0.255,0.325,0.296,0.881,0.515
35.99,20.925598859786987,0.3128834355828221,0.22900763358778625,0.29741863075196406,0.287569573283859,0.3928067700987306,0.29754322111010006,0.3735294117647059,0.3452868852459016,0.540621266427718,0.3070458952811894,0.204,0.12,0.265,0.155,0.557,0.327,0.254,0.337,0.905,0.475
35.64,20.94208526611328,0.30196629213483145,0.21246819338422393,0.2822822822822823,0.2709030100334448,0.3688576898532227,0.3239263803680982,0.3218503937007874,0.34670781893004116,0.6059113300492611,0.33303411131059246,0.215,0.167,0.282,0.162,0.578,0.264,0.327,0.337,0.861,0.371
35.31,20.980154514312744,0.32293291731669266,0.2975609756097561,0.28375527426160335,0.25972396486825594,0.3725085910652921,0.3107947805456702,0.38212634822804314,0.3496199782844734,0.5936657681940701,0.25862907146329606,0.207,0.061,0.269,0.207,0.542,0.262,0.248,0.322,0.881,0.532
35.13,21.01183247566223,0.3360128617363344,0.2994350282485876,0.34904013961605584,0.2928416485900217,0.37155297532656023,0.3090172239108409,0.2977430555555556,0.37230419977298523,0.5217391304347826,0.2612481857764877,0.209,0.053,0.2,0.135,0.512,0.305,0.343,0.328,0.888,0.54
35.78,20.94982671737671,0.2988505747126437,0.23011363636363635,0.31407407407407406,0.2951167728237792,0.3488372093023256,0.3333333333333333,0.35833333333333334,0.3780487804878049,0.5299295774647887,0.310641110376735,0.286,0.162,0.212,0.139,0.585,0.253,0.258,0.31,0.903,0.47
35.94,20.91146230697632,0.3084004602991945,0.23695652173913043,0.29617486338797816,0.2692307692307692,0.3611663353214049,0.33818770226537215,0.3213149522799576,0.34109972041006525,0.6116165150454863,0.3118881118881119,0.268,0.109,0.271,0.203,0.545,0.209,0.303,0.366,0.874,0.446
35.19,21.008070468902588,0.32989690721649484,0.25,0.2889952153110048,0.30357142857142855,0.37010159651669083,0.29732065687121867,0.32062780269058294,0.38149556400506973,0.5846153846153846,0.25944700460829495,0.192,0.011,0.302,0.136,0.51,0.344,0.286,0.301,0.874,0.563
35.85,20.940367937088013,0.31781701444622795,0.30357142857142855,0.3225388601036269,0.2832369942196532,0.3680371352785146,0.2889867841409692,0.3315450643776824,0.3520408163265306,0.5759534583063994,0.28193832599118945,0.198,0.051,0.249,0.147,0.555,0.328,0.309,0.345,0.891,0.512
35.72,20.928111791610718,0.2907216494845361,0.26573426573426573,0.33201058201058203,0.2857142857142857,0.39463299131807417,0.28911917098445594,0.33663366336633666,0.4018018018018018,0.6028513238289206,0.2677570093457944,0.282,0.076,0.251,0.194,0.5,0.279,0.306,0.223,0.888,0.573
36.1,20.89355182647705,0.30264672036823936,0.21683967704728951,0.3266832917705736,0.2594033722438392,0.3777928232904536,0.32190760059612517,0.3398157625383828,0.3738095238095238,0.5699481865284974,0.33587140439932317,0.263,0.188,0.262,0.2,0.558,0.216,0.332,0.314,0.88,0.397
35.75,20.93688464164734,0.2783203125,0.24566473988439305,0.30439560439560437,0.26,0.36330498177399756,0.29736842105263156,0.3575547866205306,0.3569060773480663,0.5633270321361059,0.3194805194805195,0.285,0.085,0.277,0.208,0.598,0.226,0.31,0.323,0.894,0.369
35.48,20.960449934005737,0.30536130536130535,0.22350674373795762,0.2981956315289649,0.2655367231638418,0.3916913946587537,0.30505415162454874,0.4101010101010101,0.3712418300653595,0.5103567318757192,0.3039772727272727,0.262,0.116,0.314,0.188,0.528,0.338,0.203,0.284,0.887,0.428
35.88,20.9293110370636,0.3,0.2264808362369338,0.2762172284644195,0.2631578947368421,0.3656578134651019,0.3203559510567297,0.3903225806451613,0.3396414342629482,0.5682254964766176,0.33967391304347827,0.243,0.13,0.295,0.195,0.592,0.288,0.242,0.341,0.887,0.375
35.96,20.927839517593384,0.29318854886475815,0.224,0.34789391575663026,0.2917547568710359,0.37105751391465674,0.3088803088803089,0.3542141230068337,0.3625,0.5130830489192264,0.35514018691588783,0.297,0.224,0.223,0.138,0.6,0.24,0.311,0.319,0.902,0.342
36.34,20.910388946533203,0.29971181556195964,0.21218961625282168,0.3118556701030928,0.3109048723897912,0.37156802928615007,0.31084656084656087,0.39907550077041604,0.3461909353905497,0.5460012026458209,0.34581105169340465,0.312,0.188,0.242,0.134,0.609,0.235,0.259,0.359,0.908,0.388
36.68,20.870094776153564,0.3006535947712418,0.23471400394477318,0.30922431865828093,0.26851851851851855,0.3918824352694192,0.31938325991189426,0.34534534534534533,0.3763157894736842,0.5585305105853051,0.3413585554600172,0.276,0.119,0.295,0.203,0.56,0.29,0.345,0.286,0.897,0.397
36.57,20.873836040496826,0.30974477958236657,0.22456813819577734,0.31337579617834393,0.26057529610829105,0.3584250144759699,0.33530106257378983,0.3423967774420947,0.36990950226244346,0.6015193370165746,0.32190760059612517,0.267,0.117,0.246,0.154,0.619,0.284,0.34,0.327,0.871,0.432
35.93,20.91632866859436,0.2948593598448109,0.2155425219941349,0.29739336492890994,0.2949640287769784,0.3564705882352941,0.3448275862068966,0.3515815085158151,0.3756830601092896,0.5673261008296108,0.3143445435827042,0.304,0.147,0.251,0.164,0.606,0.21,0.289,0.275,0.889,0.458
35.81,20.920626640319824,0.30606860158311344,0.23333333333333334,0.29981549815498154,0.2780337941628264,0.4065573770491803,0.302475780409042,0.3650137741046832,0.3658227848101266,0.5833333333333334,0.28357380688124306,0.232,0.126,0.325,0.181,0.496,0.281,0.265,0.289,0.875,0.511
35.85,20.93904185295105,0.2952275249722531,0.23689320388349513,0.31025957972805934,0.31263858093126384,0.341839447102605,0.3486088379705401,0.33837837837837836,0.3444782168186423,0.5514250309789344,0.3108728943338438,0.266,0.122,0.251,0.141,0.643,0.213,0.313,0.34,0.89,0.406
36.52,20.885342359542847,0.28347826086956524,0.2610619469026549,0.3264781491002571,0.2857142857142857,0.38366506520247085,0.32977303070761016,0.34845132743362833,0.38082901554404147,0.564914502849905,0.30416156670746636,0.326,0.118,0.254,0.15,0.559,0.247,0.315,0.294,0.892,0.497
35.81,20.940349578857422,0.2934249263984298,0.22679045092838196,0.31070195627157654,0.2692307692307692,0.37636480411046885,0.3379396984924623,0.3310657596371882,0.3794162826420891,0.5395550061804697,0.3372727272727273,0.299,0.171,0.27,0.203,0.586,0.269,0.292,0.247,0.873,0.371
35.68,20.930611610412598,0.29519918283963226,0.2627118644067797,0.3125,0.25258493353028066,0.3520555877243775,0.311614730878187,0.3546511627906977,0.3901639344262295,0.5538270068450529,0.29489728296885354,0.289,0.062,0.23,0.171,0.608,0.33,0.305,0.238,0.89,0.445
35.91,20.896849393844604,0.29617117117117114,0.23885350318471338,0.26582278481012656,0.26851851851851855,0.35147392290249435,0.3319209039548023,0.3466807165437302,0.33877551020408164,0.6022023399862354,0.3310924369747899,0.263,0.075,0.294,0.174,0.62,0.235,0.329,0.332,0.875,0.394
35.96,20.912588119506836,0.28710725893824485,0.27627627627627627,0.29094608341810785,0.2771929824561403,0.3590347263095939,0.29475766567754697,0.3626634958382878,0.3519913885898816,0.5378201310303752,0.34108527131782945,0.265,0.092,0.286,0.158,0.61,0.298,0.305,0.327,0.903,0.352
35.97,20.9251766204834,0.29781021897810217,0.2314990512333966,0.3059210526315789,0.2978723404255319,0.3596233078281342,0.2982456140350877,0.4105461393596987,0.3514644351464435,0.5713355048859935,0.3047149894440535,0.204,0.122,0.279,0.126,0.611,0.391,0.218,0.336,0.877,0.433
35.59,20.944749355316162,0.3111111111111111,0.24878048780487805,0.3042973286875726,0.3131578947368421,0.3558318531675548,0.28317836010143704,0.36363636363636365,0.3768707482993197,0.5760517799352751,0.27450980392156865,0.266,0.051,0.262,0.119,0.601,0.335,0.24,0.277,0.89,0.518
35.96,20.9119610786438,0.31204644412191584,0.21903520208604954,0.3083048919226394,0.28165007112375534,0.3534726143421796,0.311886586695747,0.358974358974359,0.36013986013986016,0.583941605839416,0.32152347209920284,0.215,0.168,0.271,0.198,0.626,0.286,0.28,0.309,0.88,0.363
36.18,20.887787580490112,0.30835734870317005,0.20771144278606965,0.2823240589198036,0.2815198618307427,0.39285714285714285,0.3278061224489796,0.37515842839036756,0.3351698806244261,0.597025016903313,0.32894736842105265,0.214,0.167,0.345,0.163,0.528,0.257,0.296,0.365,0.883,0.4
35.97,20.94524645805359,0.2936893203883495,0.2672955974842767,0.29732225300092335,0.3263888888888889,0.3875739644970414,0.3128491620111732,0.37926136363636365,0.3756345177664975,0.5337716676628811,0.2802511415525114,0.242,0.085,0.322,0.141,0.524,0.336,0.267,0.296,0.893,0.491
35.65,20.930527687072754,0.30156815440289503,0.2637795275590551,0.31263616557734203,0.3117782909930716,0.37525218560860796,0.30851063829787234,0.3489736070381232,0.3564245810055866,0.5720749838396897,0.2639250390421655,0.25,0.067,0.287,0.135,0.558,0.319,0.238,0.319,0.885,0.507
36.06,20.9047908782959,0.3144736842105263,0.25588235294117645,0.2906857727737973,0.25879396984924624,0.3554392088423502,0.3087912087912088,0.3411644535240041,0.37037037037037035,0.5889858965748824,0.3160100586756077,0.239,0.087,0.284,0.206,0.611,0.281,0.334,0.31,0.877,0.377
36.52,20.877111434936523,0.28771228771228774,0.22774869109947643,0.3085539714867617,0.32723112128146453,0.4026946107784431,0.29435483870967744,0.35648148148148145,0.378561736770692,0.6005509641873278,0.29891650732950925,0.288,0.087,0.303,0.143,0.538,0.365,0.308,0.279,0.872,0.469
36.5,20.87724018096924,0.3197969543147208,0.23809523809523808,0.304643261608154,0.3097165991902834,0.37337662337662336,0.312015503875969,0.35900339750849375,0.3270440251572327,0.6438356164383562,0.29120879120879123,0.252,0.075,0.269,0.153,0.575,0.322,0.317,0.364,0.846,0.477
36.35,20.898264408111572,0.3074433656957929,0.2191780821917808,0.2899628252788104,0.2807262569832402,0.3701622971285893,0.332579185520362,0.37738853503184716,0.34518828451882844,0.5795677799607073,0.32263242375601925,0.285,0.096,0.312,0.201,0.593,0.294,0.237,0.33,0.885,0.402
35.88,20.91535997390747,0.31829896907216493,0.210896309314587,0.26914329037149354,0.2833333333333333,0.3674540682414698,0.32973621103117506,0.3463687150837989,0.3318223028105168,0.5767716535433071,0.35262008733624456,0.247,0.12,0.355,0.153,0.56,0.275,0.31,0.366,0.879,0.323
36.32,20.8917555809021,0.3032258064516129,0.23197492163009403,0.3041182682154171,0.30347349177330896,0.40110323089046496,0.3292517006802721,0.34652278177458035,0.3771353482260184,0.581532416502947,0.2834008097165992,0.329,0.074,0.288,0.166,0.509,0.242,0.289,0.287,0.888,0.56
35.88,20.94715189933777,0.2808046940486169,0.2764227642276423,0.317103620474407,0.2921739130434783,0.3609467455621302,0.2897998093422307,0.39303482587064675,0.364190012180268,0.5182397220613781,0.3227799227799228,0.335,0.068,0.254,0.168,0.61,0.304,0.237,0.299,0.895,0.418
36.31,20.898011922836304,0.2918502202643172,0.23006833712984054,0.3215077605321508,0.29620253164556964,0.4331150608044902,0.31496062992125984,0.3421891604675877,0.347,0.6184118060435699,0.2782694198623402,0.265,0.101,0.29,0.117,0.463,0.28,0.322,0.347,0.88,0.566
