22.52,21.483976125717163,0.27684639782510195,0.32075471698113206,0.16857720836142953,0.16139240506329114,0.07246376811594203,0.17424931756141948,0.1935897435897436,0.2247557003257329,0.3739130434782609,0.24449108079748164,0.611,0.051,0.25,0.051,0.005,0.383,0.151,0.069,0.215,0.466
27.31,20.077867031097412,0.34647171010807376,0.4580152671755725,0.22115384615384615,0.1629327902240326,0.23170731707317074,0.24769101595298068,0.2523410547067521,0.23180592991913745,0.4360056258790436,0.24349049964813513,0.545,0.06,0.046,0.08,0.019,0.295,0.512,0.172,0.31,0.692
28.74,19.6029109954834,0.34945504087193463,0.49333333333333335,0.2722222222222222,0.15461847389558234,0.2542372881355932,0.27974568574023617,0.2838669950738916,0.25898203592814373,0.38717339667458434,0.23826458036984352,0.513,0.074,0.049,0.077,0.06,0.308,0.461,0.173,0.489,0.67
30.22,19.159799575805664,0.3559435862995299,0.4483870967741935,0.2787878787878788,0.20113314447592068,0.30970149253731344,0.3023782559456399,0.31296673455532925,0.2502242152466368,0.39965397923875434,0.24533715925394547,0.53,0.139,0.046,0.071,0.083,0.267,0.461,0.279,0.462,0.684
31.76,18.805018305778503,0.3422860712054966,0.39017735334242837,0.28921568627450983,0.234375,0.21052631578947367,0.32179226069246436,0.30904359141184123,0.30025125628140703,0.4020100502512563,0.2647185217017619,0.548,0.286,0.118,0.09,0.008,0.316,0.475,0.239,0.48,0.616
33.31,18.517346620559692,0.33714629741119806,0.3497975708502024,0.28440366972477066,0.24060150375939848,0.43137254901960786,0.33517089305402425,0.3354978354978355,0.3028747433264887,0.40966010733452596,0.30297619047619045,0.56,0.432,0.124,0.096,0.088,0.304,0.465,0.295,0.458,0.509
33.72,18.34424376487732,0.3432098765432099,0.3721618953603159,0.3016949152542373,0.24848484848484848,0.38613861386138615,0.3563501849568434,0.35774410774410775,0.3428201811125485,0.391132224861441,0.28189300411522633,0.556,0.377,0.178,0.123,0.117,0.289,0.425,0.265,0.494,0.548
34.9,18.048784017562866,0.3580729166666667,0.45588235294117646,0.3111954459203036,0.23259052924791088,0.4057971014492754,0.3365591397849462,0.4062140391254315,0.3480603448275862,0.3909985935302391,0.29822784810126585,0.55,0.279,0.164,0.167,0.196,0.313,0.353,0.323,0.556,0.589
34.73,17.9357351064682,0.40523394131641555,0.5079365079365079,0.31435643564356436,0.2177822177822178,0.3635097493036212,0.3485838779956427,0.43204577968526464,0.3469387755102041,0.3858108108108108,0.2919944470152707,0.511,0.192,0.127,0.218,0.261,0.32,0.302,0.34,0.571,0.631
34.9,17.886727213859558,0.37621023513139695,0.5024509803921569,0.3067375886524823,0.24772727272727274,0.42292490118577075,0.3333333333333333,0.3968978102189781,0.3758099352051836,0.38601210490921317,0.27486678507992895,0.544,0.205,0.173,0.109,0.107,0.376,0.435,0.348,0.574,0.619
34.89,17.754520654678345,0.39568899153194764,0.5362776025236593,0.3028169014084507,0.24025157232704403,0.4975369458128079,0.3165354330708661,0.3724035608308605,0.4186704384724187,0.3841623036649215,0.28334124347413386,0.514,0.17,0.129,0.191,0.101,0.402,0.502,0.296,0.587,0.597
36.14,17.566766381263733,0.3818306010928962,0.4667931688804554,0.3248259860788863,0.247557003257329,0.4219948849104859,0.315668202764977,0.40978593272171254,0.43333333333333335,0.42725173210161665,0.29217548620533695,0.559,0.246,0.14,0.152,0.165,0.411,0.402,0.338,0.555,0.646
37.28,17.285040616989136,0.4309586631486368,0.40102389078498296,0.3242630385487528,0.2267515923566879,0.4427860696517413,0.3136327817178881,0.4005328596802842,0.45519203413940257,0.40924541128484027,0.3333333333333333,0.49,0.47,0.143,0.178,0.178,0.398,0.451,0.32,0.602,0.498
38.07,17.325056195259094,0.39657738095238093,0.4268502581755594,0.32779097387173395,0.24964131994261118,0.45741324921135645,0.34650735294117646,0.39556962025316456,0.4521497919556172,0.43410852713178294,0.3290094339622642,0.533,0.496,0.138,0.174,0.145,0.377,0.5,0.326,0.56,0.558
36.29,17.453667402267456,0.4044512663085188,0.5578947368421052,0.363855421686747,0.25644171779141106,0.44054054054054054,0.36199095022624433,0.3887657058388766,0.4445797807551766,0.41237113402061853,0.27652464494569756,0.527,0.106,0.151,0.209,0.163,0.32,0.526,0.365,0.6,0.662
38.71,17.01021122932434,0.4078341013824885,0.49522673031026254,0.3325740318906606,0.2594859241126071,0.4317073170731707,0.35927505330490406,0.4267399267399267,0.40017746228926354,0.42053445850914206,0.3331269349845201,0.531,0.415,0.146,0.212,0.177,0.337,0.466,0.451,0.598,0.538
38.68,17.018544912338257,0.41346153846153844,0.5236486486486487,0.3360323886639676,0.27296587926509186,0.4329411764705882,0.3675675675675676,0.4394366197183099,0.4251668255481411,0.4336283185840708,0.30806142034548945,0.516,0.31,0.166,0.208,0.184,0.34,0.468,0.446,0.588,0.642
38.5,16.945583820343018,0.3891660727013542,0.49928263988522237,0.34532374100719426,0.26587301587301587,0.452914798206278,0.3321134492223239,0.41359060402684567,0.474390243902439,0.42116630669546434,0.3240067151650811,0.546,0.348,0.144,0.201,0.202,0.363,0.493,0.389,0.585,0.579
39.07,16.81736123561859,0.3950786056049214,0.5452991452991452,0.3333333333333333,0.26,0.46825396825396826,0.3357079252003562,0.43209876543209874,0.4638009049773756,0.4460370994940978,0.33515582285401857,0.578,0.319,0.206,0.208,0.177,0.377,0.49,0.41,0.529,0.613
40.02,16.696351647377014,0.3881401617250674,0.4840954274353877,0.35368421052631577,0.29338103756708406,0.4577114427860697,0.33421284080914687,0.3943758573388203,0.49416342412451364,0.4490777866880513,0.3607118412046543,0.576,0.487,0.168,0.164,0.184,0.38,0.575,0.381,0.56,0.527
39.7,16.726991415023804,0.4107542942494399,0.526395173453997,0.3534675615212528,0.28421052631578947,0.44419134396355353,0.34615384615384615,0.43617021276595747,0.44989106753812635,0.44650817236255574,0.3338735818476499,0.55,0.349,0.158,0.243,0.195,0.351,0.492,0.413,0.601,0.618
39.09,16.767759799957275,0.4294820717131474,0.6335616438356164,0.3114241001564945,0.27909738717339666,0.4256410256410256,0.35424710424710426,0.41059094397544127,0.4876847290640394,0.46384615384615385,0.32097606757390895,0.539,0.185,0.199,0.235,0.166,0.367,0.535,0.396,0.603,0.684
40.79,16.45030426979065,0.43659574468085105,0.4692898272552783,0.35185185185185186,0.28199052132701424,0.42857142857142855,0.33540372670807456,0.4430493273542601,0.45623069001029865,0.4694980694980695,0.36268754076973253,0.513,0.489,0.114,0.238,0.246,0.378,0.494,0.443,0.608,0.556
41.11,16.335588812828064,0.44055374592833874,0.49897119341563784,0.31798561151079136,0.30807248764415157,0.4091816367265469,0.361328125,0.41959183673469386,0.46177062374245476,0.4724809483488569,0.36300063572790847,0.541,0.485,0.221,0.187,0.205,0.37,0.514,0.459,0.558,0.571
41.26,16.378201961517334,0.4265949269792467,0.4348413234301148,0.3356401384083045,0.2885085574572127,0.4605263157894737,0.3436293436293436,0.4406490179333903,0.46038114343029085,0.4762282091917591,0.40399239543726234,0.555,0.644,0.194,0.236,0.14,0.356,0.516,0.459,0.601,0.425
40.97,16.39907729625702,0.47047434656340753,0.49191246431969554,0.37115839243498816,0.28,0.4215686274509804,0.34012400354295835,0.42438563327032136,0.454,0.4678407350689127,0.35974842767295595,0.486,0.517,0.157,0.252,0.215,0.384,0.449,0.454,0.611,0.572
41.4,16.415025234222412,0.42424242424242425,0.5205047318611987,0.35294117647058826,0.2820976491862568,0.44227005870841485,0.376425855513308,0.4782608695652174,0.4708333333333333,0.4679245283018868,0.3467889908256881,0.546,0.495,0.174,0.312,0.226,0.297,0.451,0.452,0.62,0.567
41.22,16.344218611717224,0.4438984438984439,0.5242937853107345,0.33766233766233766,0.2752670501232539,0.4410112359550562,0.361474435196195,0.44154676258992803,0.4790794979079498,0.493322203672788,0.35701492537313434,0.542,0.464,0.182,0.335,0.157,0.304,0.491,0.458,0.591,0.598
41.9,16.269067525863647,0.4383673469387755,0.47641509433962265,0.3639705882352941,0.2853598014888337,0.4527777777777778,0.3713620488940629,0.47516198704103674,0.45656028368794327,0.45685997171145687,0.39604891815616183,0.537,0.606,0.198,0.345,0.163,0.319,0.44,0.515,0.646,0.421
39.9,16.461386799812317,0.4420289855072464,0.6480836236933798,0.37181996086105673,0.2647058823529412,0.4494047619047619,0.3387829246139873,0.45610494450050454,0.48003992015968067,0.5281306715063521,0.316131830008673,0.549,0.186,0.19,0.297,0.151,0.373,0.452,0.481,0.582,0.729
42.64,16.070106625556946,0.41935483870967744,0.48172757475083056,0.34214186369958277,0.30424242424242426,0.43478260869565216,0.37261146496815284,0.45072992700729925,0.49320794148380354,0.48699763593380613,0.4117117117117117,0.585,0.58,0.246,0.251,0.21,0.351,0.494,0.472,0.618,0.457
41.77,16.235597014427185,0.43719806763285024,0.5399188092016238,0.3430034129692833,0.2998909487459106,0.48125,0.37889688249400477,0.44583333333333336,0.488,0.4674302075876879,0.3473087818696884,0.543,0.399,0.201,0.275,0.154,0.316,0.535,0.488,0.653,0.613
42.82,16.050482988357544,0.44626743232157506,0.49867608120035306,0.3844621513944223,0.2913135593220339,0.4490644490644491,0.3670745272525028,0.4536541889483066,0.4681238615664845,0.4543582704186685,0.41397379912663756,0.544,0.565,0.193,0.275,0.216,0.33,0.509,0.514,0.662,0.474
41.5,16.289121985435486,0.4105960264900662,0.6285714285714286,0.37938144329896906,0.2984749455337691,0.44967880085653106,0.3881656804733728,0.4207221350078493,0.4714686623012161,0.5038759689922481,0.34846029173419774,0.62,0.264,0.184,0.274,0.21,0.328,0.536,0.504,0.585,0.645
41.74,16.128072381019592,0.40958164642375167,0.5971223021582733,0.32496513249651326,0.2840764331210191,0.43320610687022904,0.3667745415318231,0.44076655052264807,0.5,0.48134044173648133,0.3751560549313358,0.607,0.332,0.233,0.223,0.227,0.34,0.506,0.473,0.632,0.601
41.77,16.14571177959442,0.45297805642633227,0.6497175141242938,0.3716216216216216,0.2939189189189189,0.4745308310991957,0.3950617283950617,0.45761245674740486,0.4697802197802198,0.4701653486700216,0.3453858607663249,0.578,0.23,0.22,0.348,0.177,0.288,0.529,0.513,0.654,0.64
42.99,15.918139219284058,0.46711074104912575,0.5508155583437893,0.3380102040816326,0.30078563411896747,0.4722222222222222,0.3719646799116998,0.45073891625615764,0.49011446409989595,0.47512991833704527,0.38619275461380725,0.561,0.439,0.265,0.268,0.204,0.337,0.549,0.471,0.64,0.565
40.43,16.44776690006256,0.47145328719723184,0.7357142857142858,0.34074074074074073,0.29426129426129427,0.4786885245901639,0.3684782608695652,0.4291217257318952,0.4714022140221402,0.5201005025125628,0.31133250311332505,0.545,0.103,0.23,0.241,0.146,0.339,0.557,0.511,0.621,0.75
42.17,16.107187151908875,0.46368243243243246,0.6535087719298246,0.33466666666666667,0.2806361085126286,0.5085910652920962,0.368692070030896,0.48459958932238195,0.4859086491739553,0.49887640449438203,0.34775888717156106,0.549,0.298,0.251,0.3,0.148,0.358,0.472,0.5,0.666,0.675
43.68,15.829135537147522,0.46411483253588515,0.479755538579068,0.3540197461212976,0.2997032640949555,0.46938775510204084,0.36400817995910023,0.4334661354581673,0.5,0.5036319612590799,0.41659464131374246,0.582,0.628,0.251,0.202,0.207,0.356,0.544,0.492,0.624,0.482
41.18,16.2332581281662,0.46,0.6712328767123288,0.3484848484848485,0.31806615776081426,0.4575757575757576,0.38509316770186336,0.4666666666666667,0.45533391153512576,0.5094806265457543,0.3163176265270506,0.598,0.147,0.276,0.25,0.151,0.31,0.518,0.525,0.618,0.725
43.1,15.812198400497437,0.46656050955414013,0.5456730769230769,0.3920552677029361,0.2975206611570248,0.4579710144927536,0.3632694248234107,0.45057660626029655,0.4639084507042254,0.5007949125596184,0.3638003607937462,0.586,0.454,0.227,0.216,0.158,0.36,0.547,0.527,0.63,0.605
43.14,15.799493074417114,0.44254104211277656,0.5731225296442688,0.35797101449275365,0.3044077134986226,0.4659400544959128,0.36363636363636365,0.45808636748518206,0.4777777777777778,0.5378858746492049,0.36152954808806487,0.62,0.435,0.247,0.221,0.171,0.364,0.541,0.516,0.575,0.624
42.33,15.878384351730347,0.44665194996320823,0.6072072072072072,0.35640648011782033,0.30013642564802184,0.4639423076923077,0.356297093649085,0.4636283961437336,0.47592067988668557,0.538038496791934,0.3351324828263003,0.607,0.337,0.242,0.22,0.193,0.331,0.529,0.504,0.587,0.683
43.4,15.748277306556702,0.466147859922179,0.5788079470198676,0.35526315789473684,0.2926315789473684,0.45066666666666666,0.3524829600778968,0.48735408560311283,0.46994535519125685,0.5164473684210527,0.3836915297092288,0.599,0.437,0.243,0.278,0.169,0.362,0.501,0.516,0.628,0.607
42.16,16.01958668231964,0.4637096774193548,0.6274509803921569,0.3679092382495948,0.30388349514563107,0.46612466124661245,0.392811296534018,0.45984112974404234,0.48708133971291867,0.5058823529411764,0.3288973384030418,0.575,0.256,0.227,0.313,0.172,0.306,0.521,0.509,0.645,0.692
43.4,15.764669060707092,0.4611837048424289,0.5871156661786238,0.37987987987987987,0.2913553895410886,0.4756756756756757,0.36662883087400683,0.46444644464446444,0.46785109983079526,0.515422077922078,0.37263286499694565,0.6,0.401,0.253,0.273,0.176,0.323,0.516,0.553,0.635,0.61
43.17,15.771432638168335,0.47851239669421486,0.6226415094339622,0.367911479944675,0.287117903930131,0.4765840220385675,0.35758196721311475,0.4713493530499076,0.4796380090497738,0.5091779728651237,0.3610955841252096,0.579,0.363,0.266,0.263,0.173,0.349,0.51,0.53,0.638,0.646
43.49,15.779479503631592,0.495171202809482,0.5987748851454824,0.3793103448275862,0.2975708502024291,0.4830287206266319,0.3879093198992443,0.44508196721311477,0.4866920152091255,0.5204582651391162,0.35269492412349557,0.564,0.391,0.242,0.294,0.185,0.308,0.543,0.512,0.636,0.674
43.96,15.673982858657837,0.4769357495881384,0.5519630484988453,0.3664688427299703,0.2909423604757548,0.5263157894736842,0.38617401668653156,0.47031539888682744,0.4894230769230769,0.5343511450381679,0.3725373134328358,0.579,0.478,0.247,0.318,0.18,0.324,0.507,0.509,0.63,0.624
43.01,15.83582615852356,0.4662529092319628,0.6103448275862069,0.38461538461538464,0.28683914510686165,0.4868035190615836,0.3585810162991371,0.4810126582278481,0.47322212467076386,0.5039808917197452,0.3553299492385787,0.601,0.354,0.255,0.255,0.166,0.374,0.494,0.539,0.633,0.63
44.22,15.639436841011047,0.4700854700854701,0.5124463519313305,0.37790697674418605,0.2896622313203685,0.4986072423398329,0.3629469122426869,0.4753623188405797,0.4733570159857904,0.5334476843910806,0.4050235478806907,0.605,0.597,0.26,0.283,0.179,0.335,0.492,0.533,0.622,0.516
44.28,15.645336151123047,0.4872013651877133,0.5161290322580645,0.39603960396039606,0.29829545454545453,0.5098039215686274,0.37748344370860926,0.458259325044405,0.48026315789473684,0.5402298850574713,0.38627187079407804,0.571,0.592,0.24,0.315,0.156,0.342,0.516,0.511,0.611,0.574
43.48,15.727980971336365,0.5185891325071497,0.650197628458498,0.38222222222222224,0.28886554621848737,0.49262536873156343,0.3693877551020408,0.4640638864241349,0.4764862466725821,0.5323383084577115,0.34870034330554195,0.544,0.329,0.258,0.275,0.167,0.362,0.523,0.537,0.642,0.711
43.95,15.617773056030273,0.5053475935828877,0.5571600481347774,0.38189533239038187,0.27991218441273324,0.5061728395061729,0.3733195449844881,0.46537396121883656,0.4817127564674398,0.5302402651201326,0.36537348002316156,0.567,0.463,0.27,0.255,0.164,0.361,0.504,0.54,0.64,0.631
43.9,15.719713926315308,0.4973544973544973,0.6144578313253012,0.3697478991596639,0.2920268972142171,0.5360824742268041,0.3990554899645809,0.46354635463546356,0.4750219106047327,0.5269461077844312,0.3617584745762712,0.564,0.408,0.264,0.304,0.156,0.338,0.515,0.542,0.616,0.683
44.3,15.650766968727112,0.5034965034965035,0.6020114942528736,0.37746478873239436,0.29222520107238603,0.5047021943573667,0.3922018348623853,0.4800389483933788,0.46893123446561724,0.5348432055749129,0.37770193401592717,0.576,0.419,0.268,0.327,0.161,0.342,0.493,0.566,0.614,0.664
44.26,15.587029099464417,0.453125,0.5537190082644629,0.37027027027027026,0.29265770423991727,0.4956772334293948,0.3767643865363735,0.46451033243486073,0.4868421052631579,0.5336283185840708,0.40327169274537694,0.609,0.536,0.274,0.283,0.172,0.347,0.517,0.518,0.603,0.567
44.62,15.534703135490417,0.46594427244582043,0.5536663124335813,0.3852813852813853,0.3047945205479452,0.49693251533742333,0.37829293993677554,0.4515859766277129,0.48164335664335667,0.5426287744227354,0.3993127147766323,0.602,0.521,0.267,0.267,0.162,0.359,0.541,0.551,0.611,0.581
44.21,15.618111491203308,0.4977698483496878,0.565068493150685,0.3792134831460674,0.2976324689966178,0.4679144385026738,0.38070539419087135,0.45030250648228176,0.48973880597014924,0.5304198800342759,0.37544910179640717,0.558,0.495,0.27,0.264,0.175,0.367,0.521,0.525,0.619,0.627
42.89,15.909549593925476,0.48292682926829267,0.6607142857142857,0.37858220211161386,0.29835390946502055,0.48663101604278075,0.382953181272509,0.45373665480427045,0.49010367577756836,0.5456238361266295,0.33363349842413326,0.594,0.296,0.251,0.29,0.182,0.319,0.51,0.52,0.586,0.741
44.22,15.656280636787415,0.4789515488482923,0.5730478589420654,0.37390029325513197,0.29912875121006777,0.5072463768115942,0.3987421383647799,0.4603739982190561,0.47680412371134023,0.5496750232126276,0.3726851851851852,0.603,0.455,0.255,0.309,0.175,0.317,0.517,0.555,0.592,0.644
44.17,15.704424858093262,0.44733044733044736,0.5917001338688086,0.3870481927710843,0.2939890710382514,0.509915014164306,0.38009049773755654,0.4714022140221402,0.48381452318460194,0.5203252032520326,0.3820577164366374,0.62,0.442,0.257,0.269,0.18,0.336,0.511,0.553,0.64,0.609
44.98,15.545355200767517,0.4748427672955975,0.5431372549019607,0.3903177004538578,0.2952952952952953,0.5252225519287834,0.38031319910514544,0.4644760213143872,0.4836488812392427,0.5448943661971831,0.4063173007896626,0.604,0.554,0.258,0.295,0.177,0.34,0.523,0.562,0.619,0.566
44.48,15.631443977355957,0.48619246861924686,0.5743651753325272,0.383008356545961,0.2875751503006012,0.5114942528735632,0.3752665245202559,0.48166501486620417,0.47923875432525953,0.5052395209580839,0.39661016949152544,0.581,0.475,0.275,0.287,0.178,0.352,0.486,0.554,0.675,0.585
44.74,15.59135615825653,0.48519736842105265,0.5308641975308642,0.38285714285714284,0.286144578313253,0.5097493036211699,0.3852097130242826,0.4786917740336967,0.47968885047536736,0.5418464193270061,0.3972318339100346,0.59,0.559,0.268,0.285,0.183,0.349,0.483,0.555,0.628,0.574
44.79,15.59246814250946,0.48817567567567566,0.5417895771878073,0.3807531380753138,0.2874762808349146,0.5028089887640449,0.3928157589803013,0.4778846153846154,0.47855917667238423,0.5335570469798657,0.40042523033309707,0.578,0.551,0.273,0.303,0.179,0.339,0.497,0.558,0.636,0.565
44.97,15.591079473495483,0.49158249158249157,0.5147569444444444,0.3736413043478261,0.29434697855750486,0.5057142857142857,0.3911525029103609,0.4797297297297297,0.4897045658012534,0.5221238938053098,0.41531322505800466,0.584,0.593,0.275,0.302,0.177,0.336,0.497,0.547,0.649,0.537
43.93,15.66210663318634,0.47139588100686497,0.6024844720496895,0.38154269972451793,0.2844638949671772,0.5013927576601671,0.37017726798748696,0.4722483537158984,0.4900900900900901,0.548704200178731,0.3649025069637883,0.618,0.388,0.277,0.26,0.18,0.355,0.502,0.544,0.614,0.655
44.95,15.516162633895874,0.486661277283751,0.5299227799227799,0.38273381294964026,0.29422382671480146,0.5070028011204482,0.3810623556581986,0.4793467819404419,0.4859894921190893,0.5478105451295799,0.41029306647605435,0.602,0.549,0.266,0.326,0.181,0.33,0.499,0.555,0.613,0.574
44.42,15.619367718696594,0.4906427990235964,0.6055900621118012,0.4098360655737705,0.2955390334572491,0.5057142857142857,0.3743372216330859,0.47530288909599255,0.4729064039408867,0.5558608058608059,0.3728045325779037,0.603,0.39,0.25,0.318,0.177,0.353,0.51,0.576,0.607,0.658
45.01,15.529077172279358,0.47224334600760454,0.5349952061361457,0.39520958083832336,0.3003565062388592,0.5055555555555555,0.3932853717026379,0.4768211920529801,0.4812227074235808,0.537719298245614,0.4126139817629179,0.621,0.558,0.264,0.337,0.182,0.328,0.504,0.551,0.613,0.543
44.7,15.546435832977295,0.4841017488076312,0.561282932416953,0.3935389133627019,0.29371231696813094,0.5103857566765578,0.3857634902411022,0.4884653961885657,0.47341772151898737,0.5669216061185468,0.38529226901319924,0.609,0.49,0.268,0.341,0.172,0.336,0.487,0.561,0.593,0.613
44.7,15.59755253791809,0.4840816326530612,0.5480349344978166,0.39631336405529954,0.29775280898876405,0.5164179104477612,0.38285714285714284,0.47942583732057414,0.47240802675585286,0.5550581915846016,0.3848600508905852,0.593,0.502,0.258,0.318,0.173,0.335,0.501,0.565,0.62,0.605
44.94,15.577433824539185,0.4909688013136289,0.5574516496018203,0.39477503628447025,0.3017699115044248,0.5042492917847026,0.3886838868388684,0.4844961240310077,0.48013816925734026,0.5484154929577465,0.38944723618090454,0.598,0.49,0.272,0.341,0.178,0.316,0.5,0.556,0.623,0.62
44.35,15.674957752227783,0.4944868532654792,0.5824324324324325,0.3930635838150289,0.2834123222748815,0.5059880239520959,0.377212389380531,0.49176954732510286,0.4753550543024227,0.5561594202898551,0.3724629731212287,0.583,0.431,0.272,0.299,0.169,0.341,0.478,0.569,0.614,0.679
44.8,15.625503182411194,0.4878640776699029,0.5558035714285714,0.4042232277526395,0.2886142983230362,0.5,0.3902439024390244,0.49122807017543857,0.4775993237531699,0.5584768812330009,0.3817171093267449,0.603,0.498,0.268,0.327,0.189,0.32,0.476,0.565,0.616,0.618
45.37,15.589880466461182,0.48772763262074426,0.532093023255814,0.39622641509433965,0.2981199641897941,0.509915014164306,0.3848009650180941,0.491317671092952,0.4768211920529801,0.5592163846838825,0.40982404692082114,0.616,0.572,0.273,0.333,0.18,0.319,0.481,0.576,0.628,0.559
44.79,15.61535370349884,0.48936170212765956,0.5292338709677419,0.4046153846153846,0.2904446546830653,0.5261538461538462,0.37204058624577224,0.4881188118811881,0.47818930041152263,0.53556827473426,0.3918252290345314,0.598,0.525,0.263,0.307,0.171,0.33,0.493,0.581,0.655,0.556
44.76,15.634517908096313,0.48300395256916995,0.5434543454345434,0.39280575539568346,0.29345794392523367,0.5075528700906344,0.37486095661846497,0.49739854318418314,0.4787676935886761,0.5584299732381802,0.3875968992248062,0.611,0.494,0.273,0.314,0.168,0.337,0.478,0.575,0.626,0.6
44.65,15.680454850196838,0.48448687350835323,0.5501730103806228,0.38755304101838756,0.2917820867959372,0.504424778761062,0.38029782359679265,0.4894067796610169,0.4819175777964676,0.5657298277425205,0.38278388278388276,0.609,0.477,0.274,0.316,0.171,0.332,0.462,0.573,0.624,0.627
44.72,15.65919804573059,0.4827031375703942,0.5486425339366516,0.3988183161004431,0.29428044280442806,0.5059171597633136,0.3835616438356164,0.4856860809476802,0.4852941176470588,0.5544729849424269,0.3825,0.6,0.485,0.27,0.319,0.171,0.336,0.492,0.561,0.626,0.612
44.88,15.627943634986877,0.4945240101095198,0.5387096774193548,0.40916030534351144,0.29349736379613356,0.5054347826086957,0.3845223700120919,0.4814453125,0.4873362445414847,0.560106856634016,0.3830318153462258,0.587,0.501,0.268,0.334,0.186,0.318,0.493,0.558,0.629,0.614
44.58,15.685694813728333,0.489202657807309,0.5597014925373134,0.4038748137108793,0.2938053097345133,0.5112359550561798,0.3807285546415981,0.48785425101214575,0.48198970840480276,0.566420664206642,0.3734249713631157,0.589,0.45,0.271,0.332,0.182,0.324,0.482,0.562,0.614,0.652
44.79,15.621629357337952,0.472962680883473,0.5025466893039049,0.3877551020408163,0.30133333333333334,0.4972067039106145,0.38434579439252337,0.4781725888324873,0.49491211840888066,0.5590909090909091,0.40504334121355395,0.621,0.592,0.285,0.339,0.178,0.329,0.471,0.535,0.615,0.514
44.9,15.61255431175232,0.4758893280632411,0.5038494439692045,0.3899018232819074,0.3025283347863993,0.5181058495821727,0.3819951338199513,0.48586387434554973,0.4833916083916084,0.5349219391947412,0.4185277088502895,0.602,0.589,0.278,0.347,0.186,0.314,0.464,0.553,0.651,0.506
45.0,15.629538416862488,0.48903878583473864,0.49407114624505927,0.39332365747460085,0.29438405797101447,0.5184135977337111,0.3839811542991755,0.48606811145510836,0.4733777038269551,0.5374485596707819,0.425513698630137,0.58,0.625,0.271,0.325,0.183,0.326,0.471,0.569,0.653,0.497
44.88,15.614719986915588,0.4900662251655629,0.5301318267419962,0.39565217391304347,0.297951582867784,0.504297994269341,0.38235294117647056,0.48144433299899697,0.4725,0.539815590947192,0.39796659404502543,0.592,0.563,0.273,0.32,0.176,0.325,0.48,0.567,0.644,0.548
43.97,15.82861065864563,0.4966044142614601,0.611864406779661,0.39568345323741005,0.2974308300395257,0.5046439628482973,0.3787047200878156,0.48133198789101916,0.46254071661237783,0.5522001725625539,0.35650810245687403,0.585,0.361,0.275,0.301,0.163,0.345,0.477,0.568,0.64,0.682
45.03,15.610126733779907,0.4873881204231082,0.5329457364341085,0.3938953488372093,0.3006993006993007,0.5087209302325582,0.39719029374201786,0.4760508308895406,0.47953216374269003,0.5482493595217762,0.3959683225341973,0.599,0.55,0.271,0.344,0.175,0.311,0.487,0.574,0.642,0.55
44.79,15.6534663438797,0.48487261146496813,0.5552941176470588,0.3991097922848665,0.30294906166219837,0.49725274725274726,0.39146341463414636,0.48328267477203646,0.47368421052631576,0.556049822064057,0.3836477987421384,0.609,0.472,0.269,0.339,0.181,0.321,0.477,0.576,0.625,0.61
44.46,15.733811378479004,0.48951612903225805,0.5610687022900763,0.4014814814814815,0.29533213644524237,0.504297994269341,0.38498212157330153,0.4937106918238994,0.4682926829268293,0.544434857635893,0.375453446191052,0.607,0.441,0.271,0.329,0.176,0.323,0.471,0.576,0.631,0.621
45.03,15.676302313804626,0.4909539473684211,0.5575826681870011,0.40644171779141103,0.30127041742286753,0.5070422535211268,0.38742857142857146,0.49473684210526314,0.46522781774580335,0.5633303808680248,0.38480853735091025,0.597,0.489,0.265,0.332,0.18,0.339,0.47,0.582,0.636,0.613
44.9,15.632298588752747,0.48576078112286414,0.5476694915254238,0.3967310549777117,0.29936305732484075,0.5027027027027027,0.3873239436619718,0.49635036496350365,0.4672064777327935,0.5541850220264317,0.386968085106383,0.597,0.517,0.267,0.329,0.186,0.33,0.476,0.577,0.629,0.582
45.14,15.615305781364441,0.48629032258064514,0.5382323733862959,0.3929577464788732,0.30406654343807765,0.5013927576601671,0.3891454965357968,0.4973821989528796,0.4756399669694467,0.5484978540772533,0.3943060498220641,0.603,0.542,0.279,0.329,0.18,0.337,0.475,0.576,0.639,0.554
45.02,15.614531874656677,0.4862236628849271,0.5585284280936454,0.40086830680173663,0.2987861811391223,0.5027173913043478,0.3787709497206704,0.49744114636642783,0.47626977518734387,0.5550621669626998,0.38766233766233765,0.6,0.501,0.277,0.32,0.185,0.339,0.486,0.572,0.625,0.597
45.08,15.646748065948486,0.4898125509372453,0.5666266506602641,0.40524781341107874,0.30642201834862387,0.5057471264367817,0.3856655290102389,0.4954314720812183,0.46958637469586373,0.5504347826086956,0.38750796685787126,0.601,0.472,0.278,0.334,0.176,0.339,0.488,0.579,0.633,0.608
44.79,15.643462300300598,0.4884297520661157,0.5708860759493671,0.4059259259259259,0.30387736699729484,0.5013927576601671,0.38029782359679265,0.4943820224719101,0.4671474358974359,0.5516637478108581,0.38204334365325077,0.591,0.451,0.274,0.337,0.18,0.332,0.484,0.583,0.63,0.617
44.93,15.656856060028076,0.49335548172757476,0.5693251533742332,0.4153605015673981,0.295873573309921,0.5122615803814714,0.3775055679287305,0.49634273772204807,0.46227164416203337,0.5672990063233966,0.3842821782178218,0.594,0.464,0.265,0.337,0.188,0.339,0.475,0.582,0.628,0.621
44.59,15.699533104896545,0.49456066945606697,0.5683814303638645,0.41203703703703703,0.2936802973977695,0.5068493150684932,0.3709677419354839,0.5,0.4572784810126582,0.5589285714285714,0.37761819269898267,0.591,0.453,0.267,0.316,0.185,0.345,0.467,0.578,0.626,0.631
45.08,15.652294993400574,0.48848684210526316,0.5532150776053215,0.4114114114114114,0.30264357338195075,0.5154061624649859,0.3811111111111111,0.49739311783107404,0.47073371805441055,0.5575916230366492,0.3853626943005181,0.594,0.499,0.274,0.332,0.184,0.343,0.477,0.571,0.639,0.595
44.7,15.687816500663757,0.49456975772765244,0.5607701564380265,0.4125,0.29693140794223827,0.5153203342618384,0.37295528898582336,0.4962805526036132,0.46184419713831476,0.5568281938325991,0.379182156133829,0.592,0.466,0.264,0.329,0.185,0.342,0.467,0.581,0.632,0.612
44.8,15.67312228679657,0.495,0.5597104945717732,0.4115853658536585,0.295067264573991,0.518918918918919,0.3751363140676118,0.492600422832981,0.4699675324675325,0.5561403508771929,0.3811912225705329,0.594,0.464,0.27,0.329,0.192,0.344,0.466,0.579,0.634,0.608
44.97,15.677588820457458,0.4890333062550772,0.5549132947976878,0.40634441087613293,0.3037300177619893,0.5177111716621253,0.3799772468714448,0.4989451476793249,0.4714052287581699,0.5479688850475367,0.3867618429591175,0.602,0.48,0.269,0.342,0.19,0.334,0.473,0.577,0.634,0.596
44.55,15.715932726860046,0.4855305466237942,0.577807848443843,0.4105754276827372,0.29668411867364747,0.5133689839572193,0.3747252747252747,0.50271444082519,0.46895424836601307,0.5610859728506787,0.371900826446281,0.604,0.427,0.264,0.34,0.192,0.341,0.463,0.574,0.62,0.63
44.52,15.756014823913574,0.4897119341563786,0.5832147937411095,0.42320261437908496,0.297273526824978,0.5149051490514905,0.37056928034371645,0.49946178686759957,0.4661290322580645,0.556045895851721,0.37146158290005776,0.595,0.41,0.259,0.338,0.19,0.345,0.464,0.578,0.63,0.643
44.93,15.685965895652771,0.4873262469337694,0.5469255663430421,0.4144,0.30141843971631205,0.5172413793103449,0.37402885682574916,0.5010570824524313,0.4728487886382623,0.5443037974683544,0.38497652582159625,0.596,0.507,0.259,0.34,0.195,0.337,0.474,0.566,0.645,0.574
44.46,15.733536958694458,0.48431214802896216,0.5701179554390564,0.40916030534351144,0.29270462633451955,0.5181058495821727,0.3658269441401972,0.4973319103521878,0.46808510638297873,0.5490196078431373,0.3786468032278088,0.602,0.435,0.268,0.329,0.186,0.334,0.466,0.572,0.644,0.61
44.59,15.779527187347412,0.48670427074939565,0.5996908809891809,0.41122913505311076,0.30344202898550726,0.504,0.3775055679287305,0.5021097046413502,0.46411483253588515,0.5545851528384279,0.37015615962984383,0.604,0.388,0.271,0.335,0.189,0.339,0.476,0.582,0.635,0.64
44.69,15.72931683063507,0.48856209150326796,0.5911047345767575,0.41640866873065013,0.3,0.510752688172043,0.378076062639821,0.49691358024691357,0.4666666666666667,0.5611061552185549,0.3716452742123687,0.598,0.412,0.269,0.339,0.19,0.338,0.483,0.574,0.629,0.637
44.99,15.659098386764526,0.48668280871670705,0.556442417331813,0.4165341812400636,0.2997438087105038,0.49489795918367346,0.38221709006928406,0.5026123301985371,0.46737357259380097,0.5562444641275465,0.38837516512549536,0.603,0.488,0.262,0.351,0.194,0.331,0.481,0.573,0.628,0.588
45.18,15.654284715652466,0.4893964110929853,0.5540540540540541,0.416793893129771,0.2997416020671835,0.5170603674540682,0.3805104408352668,0.50418410041841,0.46359223300970875,0.5621090259159964,0.39313984168865435,0.6,0.492,0.273,0.348,0.197,0.328,0.482,0.573,0.629,0.596
44.73,15.730395436286926,0.48582995951417,0.5732484076433121,0.41602465331278893,0.29680759275237273,0.5136612021857924,0.3805620608899297,0.49737118822292326,0.4595028067361668,0.56,0.38060159607120936,0.6,0.45,0.27,0.344,0.188,0.325,0.473,0.573,0.63,0.62
44.85,15.72895097732544,0.4897959183673469,0.5829903978052127,0.4205748865355522,0.2993138936535163,0.5135869565217391,0.3792298716452742,0.49896265560165975,0.4646053702196908,0.5579964850615114,0.3800360793746242,0.6,0.425,0.278,0.349,0.189,0.325,0.481,0.571,0.635,0.632
44.59,15.733307838439941,0.49134377576257215,0.5804676753782668,0.41756548536209553,0.29456706281833617,0.5151515151515151,0.37729357798165136,0.49375,0.46365105008077545,0.5591111111111111,0.3761194029850746,0.596,0.422,0.271,0.347,0.187,0.329,0.474,0.574,0.629,0.63
44.98,15.690723299980164,0.49296939619520264,0.5591274397244547,0.41640866873065013,0.294017094017094,0.5216216216216216,0.38002296211251435,0.49842271293375395,0.46402586903799514,0.5537117903930131,0.3895424836601307,0.596,0.487,0.269,0.344,0.193,0.331,0.474,0.574,0.634,0.596
44.84,15.716781497001648,0.49337748344370863,0.5698393077873919,0.4152139461172742,0.2924935289042278,0.5082417582417582,0.3724832214765101,0.4979166666666667,0.46141479099678456,0.5547886108714409,0.38994910941475824,0.596,0.461,0.262,0.339,0.185,0.333,0.478,0.574,0.643,0.613
44.62,15.756420731544495,0.4929810074318745,0.57543391188251,0.4148264984227129,0.2924028268551237,0.5163934426229508,0.36923076923076925,0.5005313496280552,0.4566929133858268,0.553448275862069,0.38229870928088505,0.597,0.431,0.263,0.331,0.189,0.336,0.471,0.58,0.642,0.622
44.98,15.694844961166382,0.49957805907173,0.5588235294117647,0.4142857142857143,0.29604130808950085,0.5064935064935064,0.3742953776775648,0.49947089947089945,0.4588607594936709,0.5480851063829787,0.3937963587322994,0.592,0.494,0.261,0.344,0.195,0.332,0.472,0.58,0.644,0.584
45.0,15.6874281167984,0.4995773457311919,0.5571748878923767,0.4141732283464567,0.29578675838349094,0.5104712041884817,0.3754227733934611,0.49946865037194477,0.4607454401268834,0.546225614927905,0.3940419769803656,0.591,0.497,0.263,0.344,0.195,0.333,0.47,0.581,0.644,0.582
44.95,15.703880310058594,0.49539748953974894,0.5419689119170984,0.4118564742589704,0.2945205479452055,0.520891364902507,0.37485714285714283,0.4984093319194062,0.4654752233956133,0.5476190476190477,0.39391845196959224,0.592,0.523,0.264,0.344,0.187,0.328,0.47,0.573,0.644,0.57
45.02,15.711020827293396,0.49706129303106633,0.5304347826086957,0.4130781499202552,0.2973451327433628,0.5206611570247934,0.3734533183352081,0.5021141649048626,0.4589641434262948,0.5545927209705372,0.39290780141843973,0.592,0.549,0.259,0.336,0.189,0.332,0.475,0.576,0.64,0.554
45.16,15.697972178459167,0.4945968412302577,0.5163283318623124,0.41304347826086957,0.29912280701754385,0.5178082191780822,0.37270642201834864,0.4994753410283316,0.4672131147540984,0.5528804815133276,0.4024483550114767,0.595,0.585,0.266,0.341,0.189,0.325,0.476,0.57,0.643,0.526
45.18,15.689386010169983,0.4974958263772955,0.5179533213644524,0.41130298273155413,0.3003472222222222,0.5220994475138122,0.3768613974799542,0.49737670514165794,0.46215780998389694,0.5573913043478261,0.40181956027293403,0.596,0.577,0.262,0.346,0.189,0.329,0.474,0.574,0.641,0.53
45.18,15.685609459877014,0.4950576606260296,0.5205724508050089,0.409375,0.2981099656357388,0.5251396648044693,0.3767441860465116,0.49584199584199584,0.46472019464720193,0.5610619469026549,0.4012112036336109,0.601,0.582,0.262,0.347,0.188,0.324,0.477,0.573,0.634,0.53
45.29,15.669572472572327,0.5025466893039049,0.5195381882770871,0.4115755627009646,0.3025064822817632,0.5123287671232877,0.37699316628701596,0.49540347293156284,0.46227164416203337,0.5499139414802066,0.4097331240188383,0.592,0.585,0.256,0.35,0.187,0.331,0.485,0.582,0.639,0.522
45.33,15.666082262992859,0.5008417508417509,0.5169417897480452,0.40664556962025317,0.30155979202772965,0.5149863760217984,0.37844036697247707,0.49896907216494846,0.4611727416798732,0.5554585152838428,0.4106433677521843,0.595,0.595,0.257,0.348,0.189,0.33,0.484,0.582,0.636,0.517
45.3,15.66586709022522,0.5004205214465938,0.5243682310469314,0.405320813771518,0.30155979202772965,0.5194444444444445,0.378596087456847,0.4984583761562179,0.4605577689243028,0.5562336530078466,0.4058192955589586,0.595,0.581,0.259,0.348,0.187,0.329,0.485,0.578,0.638,0.53
45.2,15.673968076705933,0.5004212299915753,0.5357492654260528,0.4062015503875969,0.3006134969325153,0.5168539325842697,0.3792710706150342,0.49691991786447637,0.4612310151878497,0.555846422338569,0.39900071377587437,0.594,0.547,0.262,0.343,0.184,0.333,0.484,0.577,0.637,0.559
45.02,15.678526282310486,0.5025466893039049,0.5401234567901234,0.40873634945397813,0.3025962399283796,0.5112994350282486,0.37485843714609285,0.4938900203665988,0.4613564668769716,0.5527462946817786,0.39026063100137176,0.592,0.525,0.262,0.338,0.181,0.331,0.485,0.585,0.634,0.569
45.16,15.65964424610138,0.5029635901778154,0.536468330134357,0.4058641975308642,0.3027360988526037,0.512396694214876,0.37572254335260113,0.49387755102040815,0.4613545816733068,0.5508253692441355,0.39725036179450074,0.594,0.559,0.263,0.343,0.186,0.325,0.484,0.579,0.634,0.549
44.94,15.689699530601501,0.4991596638655462,0.544385026737968,0.4003044140030441,0.300820419325433,0.5013550135501355,0.37235228539576365,0.5,0.45990566037735847,0.5463121783876501,0.3958762886597938,0.594,0.509,0.263,0.33,0.185,0.334,0.481,0.585,0.637,0.576
44.81,15.713178396224976,0.4991596638655462,0.5514541387024608,0.4033485540334855,0.3014705882352941,0.5083333333333333,0.3705357142857143,0.4968553459119497,0.45653876272513705,0.5497835497835498,0.38848920863309355,0.594,0.493,0.265,0.328,0.183,0.332,0.474,0.583,0.635,0.594
44.81,15.718137979507446,0.5004233700254022,0.5573770491803278,0.404320987654321,0.3006416131989001,0.5083333333333333,0.3736141906873614,0.4979253112033195,0.4589905362776025,0.547886108714409,0.385886840432295,0.591,0.476,0.262,0.328,0.183,0.337,0.48,0.582,0.635,0.607
44.92,15.70750880241394,0.5004219409282701,0.5563298490127758,0.4077519379844961,0.30128205128205127,0.5109289617486339,0.37610619469026546,0.4979166666666667,0.4592240696753761,0.5512152777777778,0.38676844783715014,0.593,0.479,0.263,0.329,0.187,0.34,0.478,0.58,0.635,0.608
44.96,15.6809903383255,0.4991568296795953,0.5412262156448203,0.4076923076923077,0.300179211469534,0.5109289617486339,0.3751399776035834,0.49895833333333334,0.461292897047087,0.5478036175710594,0.39278420694349897,0.592,0.512,0.265,0.335,0.187,0.335,0.479,0.578,0.636,0.577
44.96,15.68332064151764,0.5,0.5449620801733478,0.4079147640791476,0.29964221824686943,0.510989010989011,0.37640449438202245,0.4979123173277662,0.46325878594249204,0.5504347826086956,0.39014647137150466,0.593,0.503,0.268,0.335,0.186,0.335,0.477,0.58,0.633,0.586
44.9,15.700244426727295,0.4991596638655462,0.5536529680365296,0.41033434650455924,0.3007246376811594,0.5111111111111111,0.3752783964365256,0.49739311783107404,0.4610492845786963,0.5515734265734266,0.386349001931745,0.594,0.485,0.27,0.332,0.184,0.337,0.477,0.58,0.631,0.6
45.01,15.702557682991028,0.5004233700254022,0.5560588901472253,0.41131498470948014,0.3023255813953488,0.5082417582417582,0.3736141906873614,0.5,0.4612341772151899,0.5517841601392516,0.3891432308698496,0.591,0.491,0.269,0.338,0.185,0.337,0.478,0.583,0.634,0.595
45.02,15.703769445419312,0.4995787700084246,0.5553021664766249,0.4107692307692308,0.3027604630454141,0.5095890410958904,0.3754189944134078,0.4984391259105099,0.46294820717131474,0.5523560209424084,0.3893575600259572,0.593,0.487,0.267,0.34,0.186,0.336,0.479,0.581,0.633,0.6
45.01,15.709549069404602,0.4987405541561713,0.5587892898719441,0.4126738794435858,0.3017699115044248,0.512396694214876,0.37583892617449666,0.495850622406639,0.4636290967226219,0.5546806649168854,0.3883183568677792,0.594,0.48,0.267,0.341,0.186,0.336,0.478,0.58,0.634,0.605
44.81,15.726778745651245,0.5004212299915753,0.5581113801452785,0.413312693498452,0.3007985803016859,0.5096952908587258,0.3745819397993311,0.49530761209593327,0.4603174603174603,0.556045895851721,0.38341645885286785,0.594,0.461,0.267,0.339,0.184,0.336,0.475,0.58,0.63,0.615
45.04,15.699045300483704,0.5012594458438288,0.5499451152579583,0.4102167182662539,0.30106571936056836,0.5081967213114754,0.37583892617449666,0.49583333333333335,0.46288906624102155,0.5546806649168854,0.39072847682119205,0.597,0.501,0.265,0.339,0.186,0.336,0.476,0.58,0.634,0.59
44.96,15.711962819099426,0.5,0.5565819861431871,0.4117647058823529,0.3007985803016859,0.5095890410958904,0.3759820426487093,0.495850622406639,0.46246006389776356,0.5552631578947368,0.38707613563659626,0.593,0.482,0.266,0.339,0.186,0.335,0.478,0.579,0.633,0.605
44.86,15.725295662879944,0.5008417508417509,0.5585480093676815,0.4121306376360809,0.30106571936056836,0.5096952908587258,0.3752808988764045,0.49376299376299376,0.4588607594936709,0.5567375886524822,0.38446969696969696,0.595,0.477,0.265,0.339,0.184,0.334,0.475,0.58,0.628,0.609
44.6,15.741327404975891,0.49831365935919053,0.5583126550868487,0.41294298921417566,0.2998204667863555,0.5083798882681564,0.3752783964365256,0.49119170984455957,0.4584323040380047,0.5600358422939068,0.3768996960486322,0.591,0.45,0.268,0.334,0.182,0.337,0.474,0.579,0.625,0.62
44.9,15.70180070400238,0.502568493150685,0.5545454545454546,0.4080370942812983,0.30423042304230424,0.5013623978201635,0.37222222222222223,0.49431230610134436,0.45948072383949645,0.5519650655021834,0.38860103626943004,0.587,0.488,0.264,0.338,0.184,0.335,0.478,0.584,0.632,0.6
45.0,15.698923468589783,0.5012722646310432,0.5522222222222222,0.40888208269525267,0.3034914950760967,0.5069252077562327,0.37485970819304154,0.495850622406639,0.4603921568627451,0.5516637478108581,0.391304347826087,0.591,0.497,0.267,0.339,0.183,0.334,0.478,0.587,0.63,0.594
45.04,15.690741300582886,0.5025553662691652,0.5449678800856531,0.41122913505311076,0.3032200357781753,0.5041095890410959,0.37318435754189944,0.49635036496350365,0.4626865671641791,0.5514834205933682,0.3926878808395396,0.59,0.509,0.271,0.339,0.184,0.334,0.476,0.589,0.632,0.58
44.97,15.709898114204407,0.504258943781942,0.5570934256055363,0.41185410334346506,0.3036837376460018,0.5041551246537396,0.371523915461624,0.4947916666666667,0.46045418950665623,0.5539000876424189,0.38838709677419353,0.592,0.483,0.271,0.338,0.182,0.334,0.475,0.588,0.632,0.602
45.0,15.711710572242737,0.5042735042735043,0.5618374558303887,0.41363636363636364,0.3041144901610018,0.5068493150684932,0.37235228539576365,0.49582463465553234,0.46147798742138363,0.5558510638297872,0.38660770688566015,0.59,0.477,0.273,0.34,0.185,0.334,0.475,0.587,0.627,0.612
44.86,15.718568563461304,0.5025641025641026,0.5572792362768496,0.40963855421686746,0.3058823529411765,0.5095890410958904,0.3729003359462486,0.49582463465553234,0.46045418950665623,0.5557522123893806,0.381875,0.588,0.467,0.272,0.338,0.186,0.333,0.475,0.588,0.628,0.611
44.97,15.710873007774353,0.5034188034188034,0.5567129629629629,0.40971168437025796,0.3071364046973803,0.5082417582417582,0.3710762331838565,0.4947916666666667,0.4605776736924278,0.5539000876424189,0.3866837387964149,0.589,0.481,0.27,0.34,0.185,0.331,0.475,0.59,0.632,0.604
44.74,15.732476115226746,0.5004269854824936,0.558679706601467,0.40998487140695916,0.30490018148820325,0.5069252077562327,0.37276785714285715,0.49476987447698745,0.46021840873634945,0.5526315789473685,0.3806571605703658,0.586,0.457,0.271,0.336,0.183,0.334,0.473,0.59,0.63,0.614
44.98,15.721885085105896,0.5038363171355499,0.5551724137931034,0.4094368340943683,0.3063063063063063,0.509641873278237,0.3734533183352081,0.49581589958158995,0.460093896713615,0.5522648083623694,0.38688946015424164,0.591,0.483,0.269,0.34,0.185,0.332,0.474,0.588,0.634,0.602
44.83,15.732346057891846,0.5029787234042553,0.5572792362768496,0.40916030534351144,0.30595667870036103,0.5082872928176796,0.3741573033707865,0.49478079331941544,0.4587588373919874,0.551304347826087,0.38277812696417346,0.591,0.467,0.268,0.339,0.184,0.333,0.474,0.584,0.634,0.609
44.65,15.7411550283432,0.5012831479897348,0.5577395577395577,0.40735068912710565,0.3052536231884058,0.5096952908587258,0.374020156774916,0.4932221063607925,0.45839874411302983,0.5517841601392516,0.3774630541871921,0.586,0.454,0.266,0.337,0.184,0.334,0.473,0.584,0.634,0.613
44.92,15.724639773368835,0.5038363171355499,0.5536332179930796,0.4076335877862595,0.3037974683544304,0.5123287671232877,0.375,0.49634273772204807,0.46026750590086546,0.5516941789748045,0.38481174218251435,0.591,0.48,0.267,0.336,0.187,0.333,0.475,0.585,0.635,0.603
44.7,15.747975468635559,0.5021422450728363,0.5567765567765568,0.40930232558139534,0.3067873303167421,0.5125348189415042,0.3741573033707865,0.49582463465553234,0.45803921568627454,0.5520833333333334,0.37607361963190183,0.586,0.456,0.264,0.339,0.184,0.333,0.475,0.584,0.636,0.613
44.87,15.72011387348175,0.5021240441801189,0.5520361990950227,0.4052388289676425,0.304270462633452,0.510989010989011,0.378839590443686,0.4942648592283629,0.4595879556259905,0.5513937282229965,0.3841698841698842,0.591,0.488,0.263,0.342,0.186,0.333,0.474,0.58,0.633,0.597
44.88,15.706106305122375,0.5,0.5471698113207547,0.4039938556067588,0.30558015943312666,0.5081521739130435,0.3801369863013699,0.49372384937238495,0.46153846153846156,0.5519650655021834,0.3853690398432397,0.591,0.493,0.263,0.345,0.187,0.333,0.472,0.582,0.632,0.59
44.89,15.71013355255127,0.5,0.5511811023622047,0.4048706240487062,0.30407801418439717,0.5109289617486339,0.3789954337899543,0.4947589098532495,0.4614160700079554,0.5513937282229965,0.3856124432922878,0.591,0.49,0.266,0.343,0.187,0.332,0.472,0.58,0.633,0.595
44.86,15.716429710388184,0.5004233700254022,0.554147465437788,0.4046153846153846,0.3057040998217469,0.5095890410958904,0.37714285714285717,0.49427679500520294,0.4600790513833992,0.5524475524475524,0.384321223709369,0.591,0.481,0.263,0.343,0.186,0.33,0.475,0.582,0.632,0.603
44.84,15.725100994110107,0.5034129692832765,0.5575326215895611,0.4075187969924812,0.3053571428571429,0.510989010989011,0.3757094211123723,0.49527806925498424,0.4608695652173913,0.5535087719298246,0.3807138384470883,0.59,0.47,0.271,0.342,0.186,0.331,0.472,0.583,0.631,0.608
44.9,15.720608711242676,0.5021240441801189,0.5542725173210161,0.40825688073394495,0.3038086802480071,0.5081967213114754,0.37813211845102507,0.4968421052631579,0.4600158353127474,0.5513937282229965,0.38559592096876993,0.591,0.48,0.267,0.343,0.186,0.332,0.472,0.581,0.633,0.605
44.9,15.71135401725769,0.5021240441801189,0.5509049773755657,0.40615384615384614,0.30450132391879964,0.5067750677506775,0.3782857142857143,0.4963273871983211,0.4607454401268834,0.5517841601392516,0.3854099418979987,0.591,0.487,0.264,0.345,0.187,0.331,0.473,0.581,0.634,0.597
44.87,15.712048649787903,0.5021240441801189,0.5505107832009081,0.40615384615384614,0.3041556145004421,0.5067750677506775,0.3778538812785388,0.4963273871983211,0.46111111111111114,0.5517841601392516,0.3841698841698842,0.591,0.485,0.264,0.344,0.187,0.331,0.473,0.581,0.634,0.597
44.93,15.705175518989563,0.5021240441801189,0.5454545454545454,0.40683229813664595,0.3064798598949212,0.5054347826086957,0.37915234822451316,0.4963273871983211,0.46080760095011875,0.5497835497835498,0.3869047619047619,0.591,0.498,0.262,0.35,0.186,0.331,0.473,0.582,0.635,0.585
45.02,15.69937515258789,0.5021240441801189,0.5431034482758621,0.4083850931677019,0.3064236111111111,0.5080645161290323,0.37844036697247707,0.4973544973544973,0.4616600790513834,0.5485812553740327,0.3913630229419703,0.591,0.504,0.263,0.353,0.189,0.33,0.47,0.584,0.638,0.58
45.09,15.69329059123993,0.5021240441801189,0.5439153439153439,0.40902021772939345,0.30682800345721695,0.5093833780160858,0.3777267508610792,0.4984093319194062,0.46208530805687204,0.5481099656357389,0.3928815879534565,0.591,0.514,0.263,0.355,0.19,0.329,0.47,0.585,0.638,0.574
45.08,15.69115436077118,0.5021240441801189,0.5431578947368421,0.40902021772939345,0.3070934256055363,0.5093833780160858,0.37701149425287356,0.4984093319194062,0.4613564668769716,0.5477214101461737,0.39327385037748797,0.591,0.516,0.263,0.355,0.19,0.328,0.47,0.585,0.637,0.573
45.13,15.688121676445007,0.5025510204081632,0.5419689119170984,0.40902021772939345,0.3070251517779705,0.5080213903743316,0.37744533947065595,0.4984126984126984,0.4613564668769716,0.5476394849785408,0.39528432732316227,0.591,0.523,0.263,0.354,0.19,0.328,0.471,0.585,0.638,0.57
45.0,15.696003198623657,0.5029787234042553,0.5436893203883495,0.4083850931677019,0.3068181818181818,0.5080213903743316,0.3777267508610792,0.4973544973544973,0.45990566037735847,0.5481099656357389,0.39016172506738545,0.591,0.504,0.263,0.351,0.19,0.329,0.47,0.585,0.638,0.579
44.98,15.69661569595337,0.5029787234042553,0.5441810344827587,0.40615384615384614,0.306140350877193,0.5053763440860215,0.37844036697247707,0.4978813559322034,0.46026750590086546,0.5467811158798284,0.3904248145650708,0.591,0.505,0.264,0.349,0.188,0.33,0.47,0.585,0.637,0.579
45.0,15.694742321968079,0.50169779286927,0.5451612903225806,0.4058641975308642,0.30688753269398433,0.5040431266846361,0.38002296211251435,0.4978768577494692,0.46129541864139023,0.5467811158798284,0.39068825910931176,0.591,0.507,0.263,0.352,0.187,0.331,0.469,0.584,0.637,0.579
45.03,15.693393111228943,0.5021240441801189,0.5408805031446541,0.4083850931677019,0.30688753269398433,0.5080645161290323,0.37915234822451316,0.4978768577494692,0.46093133385951063,0.5472508591065293,0.3910958904109589,0.591,0.516,0.263,0.352,0.189,0.331,0.469,0.584,0.637,0.571
45.05,15.693199396133423,0.5021240441801189,0.542319749216301,0.4080370942812983,0.3058210251954822,0.5094339622641509,0.3788748564867968,0.4968085106382979,0.4616600790513834,0.5485812553740327,0.39163237311385457,0.591,0.519,0.264,0.352,0.189,0.33,0.467,0.584,0.638,0.571
45.05,15.694694757461548,0.5029787234042553,0.5433403805496829,0.41112828438948995,0.3060869565217391,0.5081081081081081,0.37871853546910755,0.4968085106382979,0.46050552922590837,0.5481099656357389,0.3916893732970027,0.591,0.514,0.266,0.352,0.188,0.331,0.467,0.583,0.638,0.575
45.11,15.688933253288269,0.5042662116040956,0.5418410041841004,0.40916030534351144,0.30708661417322836,0.5067385444743935,0.38002296211251435,0.4978723404255319,0.4622047244094488,0.5481927710843374,0.3917808219178082,0.591,0.518,0.268,0.351,0.188,0.331,0.468,0.587,0.637,0.572
45.1,15.68834364414215,0.5042662116040956,0.5412748171368861,0.40888208269525267,0.30621172353455817,0.5067385444743935,0.37915234822451316,0.4978768577494692,0.46256895193065406,0.5486649440137812,0.39204934886908843,0.591,0.518,0.267,0.35,0.188,0.331,0.469,0.587,0.637,0.572
45.12,15.68500280380249,0.5029787234042553,0.5417095777548918,0.40888208269525267,0.3055555555555556,0.5067385444743935,0.3777267508610792,0.4973432518597237,0.4628751974723539,0.548748921484038,0.3948646773074254,0.591,0.526,0.267,0.352,0.188,0.329,0.468,0.586,0.636,0.569
45.17,15.680638074874878,0.5038363171355499,0.5408997955010225,0.4100609756097561,0.3058210251954822,0.5067385444743935,0.3768613974799542,0.4989339019189765,0.4637795275590551,0.550259965337955,0.3948467966573816,0.591,0.529,0.269,0.352,0.188,0.329,0.468,0.589,0.635,0.567
45.16,15.681123495101929,0.5046968403074296,0.5374493927125507,0.41131498470948014,0.30529054640069386,0.5093833780160858,0.3768613974799542,0.4994663820704376,0.4637795275590551,0.5496974935177182,0.39396067415730335,0.591,0.531,0.269,0.352,0.19,0.329,0.468,0.589,0.636,0.561
45.1,15.692183256149292,0.5055603079555175,0.5425867507886435,0.41131498470948014,0.30533683289588803,0.510752688172043,0.37699316628701596,0.4983991462113127,0.46153846153846156,0.5493079584775087,0.39154160982264663,0.591,0.516,0.269,0.349,0.19,0.331,0.467,0.588,0.635,0.574
45.11,15.690991520881653,0.5055603079555175,0.5430672268907563,0.4100609756097561,0.306140350877193,0.510752688172043,0.37699316628701596,0.4983991462113127,0.46153846153846156,0.5488331892826275,0.3918088737201365,0.591,0.517,0.269,0.349,0.19,0.331,0.467,0.588,0.635,0.574
45.02,15.701417565345764,0.5055603079555175,0.5445652173913044,0.41068702290076337,0.30667838312829526,0.5121293800539084,0.376844494892168,0.4967741935483871,0.46021840873634945,0.5488331892826275,0.3894455577822311,0.591,0.501,0.269,0.349,0.19,0.332,0.462,0.59,0.635,0.583
45.02,15.701919198036194,0.5051282051282051,0.5446623093681917,0.4100609756097561,0.3064091308165057,0.510752688172043,0.37656427758816835,0.4978494623655914,0.46021840873634945,0.550259965337955,0.3893333333333333,0.591,0.5,0.269,0.349,0.19,0.331,0.463,0.59,0.635,0.584
45.05,15.698301434516907,0.5059931506849316,0.5446716899892358,0.41068702290076337,0.3056768558951965,0.5121293800539084,0.37770193401592717,0.4983853606027987,0.45973416731821737,0.5493079584775087,0.39019476158495636,0.591,0.506,0.269,0.35,0.19,0.332,0.463,0.588,0.635,0.581
44.92,15.711083054542542,0.5051282051282051,0.5455555555555556,0.4110429447852761,0.30687830687830686,0.510752688172043,0.37401129943502825,0.4962243797195254,0.4583657587548638,0.5508253692441355,0.38713910761154857,0.591,0.491,0.268,0.348,0.19,0.331,0.46,0.589,0.634,0.59
44.91,15.730545043945312,0.50471293916024,0.5549065420560748,0.41284403669724773,0.3067978533094812,0.5121293800539084,0.37472035794183445,0.49676025917926564,0.45968992248062013,0.5510026155187445,0.38300570703868103,0.589,0.475,0.27,0.343,0.19,0.335,0.46,0.593,0.632,0.604
44.93,15.732855319976807,0.50471293916024,0.5588235294117647,0.41284403669724773,0.3070725156669651,0.5121293800539084,0.3743016759776536,0.49676025917926564,0.45968992248062013,0.5510026155187445,0.3828174352495262,0.589,0.475,0.27,0.343,0.19,0.335,0.46,0.593,0.632,0.606
44.91,15.727860569953918,0.5051457975986278,0.5531177829099307,0.4119448698315467,0.30625,0.5108108108108108,0.374020156774916,0.49676724137931033,0.45962732919254656,0.5505226480836237,0.38456632653061223,0.589,0.479,0.269,0.343,0.189,0.334,0.461,0.592,0.632,0.603
44.89,15.725799679756165,0.5051457975986278,0.5518433179723502,0.41284403669724773,0.30597680642283676,0.5135135135135135,0.37331838565022424,0.4962243797195254,0.45998445998445997,0.5505226480836237,0.383535417996171,0.589,0.479,0.27,0.343,0.19,0.333,0.46,0.592,0.632,0.601
44.87,15.724764466285706,0.50471293916024,0.5512082853855006,0.4122137404580153,0.3057040998217469,0.5121293800539084,0.37373737373737376,0.4962243797195254,0.4599221789883268,0.5500435161009574,0.3836317135549872,0.589,0.479,0.27,0.343,0.19,0.333,0.46,0.591,0.632,0.6
44.9,15.724716663360596,0.5051457975986278,0.552479815455594,0.4115853658536585,0.3057040998217469,0.5121293800539084,0.37485970819304154,0.49676724137931033,0.4598597038191738,0.5500435161009574,0.3841735800893427,0.589,0.479,0.27,0.343,0.19,0.334,0.461,0.59,0.632,0.602
44.89,15.727062344551086,0.50471293916024,0.5526011560693641,0.4115853658536585,0.30625,0.5121293800539084,0.3744394618834081,0.4962243797195254,0.45950155763239875,0.5510026155187445,0.3838319541693189,0.589,0.478,0.27,0.343,0.19,0.334,0.46,0.59,0.632,0.603
44.87,15.725982069969177,0.5042808219178082,0.552479815455594,0.41068702290076337,0.30563002680965146,0.5135135135135135,0.3744394618834081,0.49676724137931033,0.4583657587548638,0.5505226480836237,0.38392857142857145,0.589,0.479,0.269,0.342,0.19,0.334,0.461,0.589,0.632,0.602
44.87,15.724342226982117,0.5042808219178082,0.552479815455594,0.41068702290076337,0.30604982206405695,0.5094339622641509,0.374578177727784,0.4967741935483871,0.459375,0.5505226480836237,0.38392857142857145,0.589,0.479,0.269,0.344,0.189,0.333,0.462,0.588,0.632,0.602
44.88,15.724138140678406,0.50471293916024,0.552479815455594,0.41068702290076337,0.30632235084594833,0.5080645161290323,0.374578177727784,0.49731471535982813,0.459375,0.5505226480836237,0.38392857142857145,0.589,0.479,0.269,0.344,0.189,0.333,0.463,0.588,0.632,0.602
44.88,15.72423505783081,0.50471293916024,0.552479815455594,0.4115853658536585,0.30597680642283676,0.5094339622641509,0.374578177727784,0.4967811158798283,0.45901639344262296,0.5505226480836237,0.38392857142857145,0.589,0.479,0.27,0.343,0.189,0.333,0.463,0.588,0.632,0.602
