10.07,23.606905221939087,nan,1.0,0.10023381112127681,nan,nan,nan,nan,nan,nan,0.12345679012345678,0.0,0.001,0.986,0.0,0.0,0.0,0.0,0.0,0.0,0.02
10.0,23.781493425369263,nan,0.1,nan,nan,nan,nan,nan,nan,nan,nan,0.0,1.0,0.0,0.0,0.0,0.0,0.0,0.0,0.0,0.0
11.81,22.987589836120605,0.0,0.2413793103448276,0.11666666666666667,0.1111111111111111,nan,0.2857142857142857,nan,0.11420863309352518,0.125,0.30120481927710846,0.0,0.007,0.889,0.001,0.0,0.002,0.0,0.254,0.003,0.025
16.26,22.39279317855835,0.12840466926070038,nan,0.15217391304347827,0.1408564503097226,0.22684124386252047,0.12376933895921238,0.18181818181818182,nan,0.8,0.25,0.033,0.0,0.014,0.523,0.693,0.352,0.004,0.0,0.004,0.003
20.84,21.605371236801147,0.15555555555555556,0.16666666666666666,0.24516129032258063,0.14797008547008547,0.2473444613050076,0.1320754716981132,0.22580645161290322,0.1394422310756972,0.448901623686724,0.4533333333333333,0.014,0.001,0.076,0.277,0.652,0.014,0.021,0.525,0.47,0.034
23.48,21.180840015411377,0.14795103778605642,0.0,0.16787527193618565,0.22641509433962265,0.34231378763866877,0.0,0.3125,0.24959481361426256,0.3848466626578473,0.208,0.278,0.0,0.463,0.012,0.432,0.0,0.005,0.154,0.64,0.364
25.53,20.481796979904175,0.14644351464435146,0.12244897959183673,0.2829581993569132,0.27530364372469635,0.23705722070844687,0.2206221198156682,0.3,0.3617886178861789,0.41758881770529993,0.2694610778443114,0.28,0.018,0.176,0.068,0.696,0.383,0.081,0.089,0.717,0.045
24.96,20.277403950691223,0.30578512396694213,0.0,0.2817258883248731,0.15827338129496402,0.2568224299065421,0.2318840579710145,0.0,0.21859903381642512,0.49511645379413977,0.45864661654135336,0.037,0.0,0.111,0.616,0.687,0.144,0.0,0.181,0.659,0.061
27.6,19.935730457305908,0.0,0.1868583162217659,0.3028169014084507,0.1874455100261552,0.2855036855036855,0.21788129226145755,0.3787878787878788,0.2579185520361991,0.4500314267756128,0.23081534772182255,0.0,0.091,0.172,0.215,0.581,0.29,0.025,0.285,0.716,0.385
27.96,19.925211548805237,0.21271806415306696,0.1735781990521327,0.3004201680672269,0.23047375160051217,0.38072519083969464,0.260596546310832,0.5128205128205128,0.3700440528634361,0.5336426914153132,0.21779744346116028,0.378,0.293,0.143,0.18,0.399,0.166,0.02,0.084,0.69,0.443
26.84,20.051376581192017,0.23260643821391486,1.0,0.2006294256490952,0.19411764705882353,0.5073170731707317,0.21957913998170173,0.2944606413994169,0.4607329842931937,0.6526717557251909,0.2330396475770925,0.224,0.001,0.51,0.033,0.104,0.48,0.202,0.088,0.513,0.529
28.57,19.689621686935425,0.47058823529411764,0.2066115702479339,0.18821656050955415,0.2128146453089245,0.3741258741258741,0.24965034965034966,0.4576271186440678,0.25779816513761467,0.5444015444015444,0.26076158940397354,0.008,0.025,0.591,0.093,0.428,0.357,0.054,0.281,0.705,0.315
28.97,19.528956294059753,0.29023746701846964,nan,0.20936329588014982,0.23731138545953362,0.39631336405529954,0.45454545454545453,0.27065868263473053,0.2143559488692232,0.4603263927968486,0.3242467718794835,0.11,0.0,0.559,0.173,0.344,0.005,0.226,0.436,0.818,0.226
29.19,19.554981589317322,0.21971252566735114,0.125,0.2224346717654557,0.0,0.35090609555189456,0.3024602026049204,0.40808823529411764,0.36077481840193704,0.5759075907590759,0.2075531577277055,0.321,0.002,0.349,0.0,0.426,0.209,0.111,0.149,0.698,0.654
29.69,19.039390444755554,0.3076923076923077,0.1729483282674772,0.36585365853658536,0.2485414235705951,0.42369020501138954,0.2865853658536585,0.2909090909090909,0.38443396226415094,0.4412681912681913,0.32483474976392823,0.048,0.569,0.015,0.213,0.372,0.188,0.208,0.163,0.849,0.344
30.62,18.937762022018433,0.23496932515337424,0.2405857740585774,0.3235294117647059,0.2826086956521739,0.2758355743373031,0.3488372093023256,0.33386581469648563,0.2368268674001158,0.5091553455404607,0.2867383512544803,0.383,0.115,0.044,0.052,0.718,0.03,0.209,0.409,0.862,0.24
31.53,18.83522069454193,0.29346314325452016,0.22916666666666666,0.26228070175438595,0.2912621359223301,0.3538812785388128,0.2880539499036609,0.31523642732049034,0.34789915966386553,0.6057924376508448,0.21555915721231766,0.211,0.044,0.299,0.03,0.465,0.299,0.18,0.207,0.753,0.665
31.67,18.77946627140045,0.27205882352941174,0.2736842105263158,0.334453781512605,0.24503311258278146,0.3880208333333333,0.24075416968817984,0.41333333333333333,0.3585951940850277,0.5339095744680851,0.22217943781286098,0.222,0.078,0.199,0.222,0.447,0.332,0.093,0.194,0.803,0.577
30.41,19.061030626296997,0.2777777777777778,0.1875,0.2883787661406026,0.2803738317757009,0.25483178239083754,0.26409313725490197,0.289247311827957,0.48792270531400966,0.42758620689655175,0.35845896147403683,0.02,0.135,0.201,0.09,0.712,0.431,0.269,0.101,0.868,0.214
30.81,18.959607481956482,0.301010101010101,0.4166666666666667,0.2924107142857143,0.25,0.28431808085295424,0.2825880114176974,0.3156626506024096,0.47549019607843135,0.474854420328216,0.2199919710959454,0.149,0.005,0.131,0.186,0.64,0.297,0.131,0.097,0.897,0.548
31.42,18.889081835746765,0.3259668508287293,0.21353383458646616,0.2559429477020602,0.16666666666666666,0.3263157894736842,0.22422907488986785,0.4527363184079602,0.35082458770614694,0.44914816726897266,0.3232876712328767,0.059,0.142,0.323,0.002,0.558,0.509,0.091,0.234,0.87,0.354
32.18,18.497553825378418,0.39215686274509803,0.17011834319526628,0.375,0.27212681638044917,0.3295687885010267,0.2983770287141074,0.47601476014760147,0.34600760456273766,0.5651289009497965,0.3274336283185841,0.06,0.46,0.117,0.206,0.642,0.239,0.129,0.273,0.833,0.259
32.52,18.689502000808716,0.265989847715736,0.19204980842911878,0.3173913043478261,0.3595505617977528,0.46866840731070497,0.24070138150903295,0.37344398340248963,0.38593481989708406,0.5847908745247148,0.31254191817572097,0.262,0.401,0.073,0.064,0.359,0.453,0.18,0.225,0.769,0.466
32.92,18.250264167785645,0.2748154224774405,0.26,0.30078125,0.33070866141732286,0.2569023569023569,0.2920277296360485,0.26446837146702556,0.37037037037037035,0.6287471176018448,0.3822843822843823,0.335,0.026,0.154,0.042,0.763,0.337,0.393,0.26,0.818,0.164
33.4,18.48147988319397,0.2700841622035195,0.27167630057803466,0.33670520231213874,0.2660668380462725,0.45302445302445304,0.38095238095238093,0.46096654275092935,0.31926406926406925,0.4535225048923679,0.25639009044435707,0.353,0.141,0.233,0.207,0.352,0.056,0.124,0.295,0.927,0.652
33.38,18.189120531082153,0.3089430894308943,0.22701949860724233,0.3496932515337423,0.23891625615763548,0.3375973303670745,0.28993610223642174,0.4567901234567901,0.4878048780487805,0.5789115646258504,0.24053123462862763,0.152,0.163,0.171,0.291,0.607,0.363,0.111,0.14,0.851,0.489
34.36,18.134597897529602,0.27970897332255457,0.2264957264957265,0.2728888888888889,0.2862595419847328,0.42985971943887774,0.2540389972144847,0.5974842767295597,0.38785834738617203,0.6158989598811293,0.2860347728547392,0.346,0.159,0.307,0.075,0.429,0.456,0.095,0.23,0.829,0.51
34.7,17.93413817882538,0.3387096774193548,0.20581896551724138,0.3783783783783784,0.2425629290617849,0.3541284403669725,0.31968145620022753,0.46733668341708545,0.39434276206322794,0.5407911001236094,0.3619153674832962,0.147,0.382,0.14,0.318,0.579,0.281,0.186,0.237,0.875,0.325
33.74,18.4540057182312,0.2715842414082146,0.20708446866485014,0.273,0.29957805907172996,0.3737727910238429,0.33067729083665337,0.5966386554621849,0.47214076246334313,0.48961108151305277,0.25551020408163266,0.324,0.076,0.273,0.142,0.533,0.249,0.071,0.161,0.919,0.626
34.04,18.342779517173767,0.26451187335092347,0.18563432835820895,0.22897800776196636,0.2977624784853701,0.49646393210749645,0.3272010512483574,0.4566929133858268,0.5363128491620112,0.5394340758579169,0.40583232077764275,0.401,0.199,0.531,0.173,0.351,0.249,0.174,0.096,0.896,0.334
33.92,18.18588387966156,0.32263242375601925,0.22757955641272903,0.42911877394636017,0.2871287128712871,0.34965437788018433,0.3436055469953775,0.2288135593220339,0.46070460704607047,0.5164769322947873,0.31744868035190615,0.201,0.236,0.112,0.116,0.607,0.223,0.432,0.17,0.862,0.433
35.2,17.830551028251648,0.2596363636363636,0.32727272727272727,0.3282442748091603,0.2534516765285996,0.3074520303435966,0.3462603878116344,0.39849624060150374,0.3968668407310705,0.5138967668746455,0.3521825396825397,0.357,0.018,0.172,0.257,0.689,0.25,0.212,0.304,0.906,0.355
34.7,17.846572875976562,0.3389830508474576,0.3176470588235294,0.2308605341246291,0.2850678733031674,0.3486547085201794,0.2621951219512195,0.5591397849462365,0.453125,0.6141456582633054,0.29468960359012714,0.1,0.027,0.389,0.252,0.622,0.473,0.104,0.232,0.877,0.394
35.54,17.65682053565979,0.2769709543568465,0.2339622641509434,0.2997250229147571,0.3108108108108108,0.39070442992011617,0.24601686972820994,0.3149381541389153,0.5148148148148148,0.6159775753328661,0.34564021995286726,0.267,0.062,0.327,0.046,0.538,0.525,0.331,0.139,0.879,0.44
35.46,17.943959951400757,0.2988505747126437,0.19734271199687378,0.4169381107491857,0.38461538461538464,0.4132569558101473,0.33400402414486924,0.48773006134969327,0.37203791469194314,0.7514677103718199,0.30102347983142685,0.26,0.505,0.128,0.075,0.505,0.332,0.159,0.314,0.768,0.5
34.44,17.990853309631348,0.2615669339913634,0.22916666666666666,0.31088082901554404,0.2958199356913183,0.3281173594132029,0.2832194381169324,0.3211009174311927,0.4397463002114165,0.7090729783037475,0.29626168224299065,0.424,0.11,0.18,0.092,0.671,0.373,0.35,0.208,0.719,0.317
37.12,17.392318606376648,0.3094384707287933,0.25338753387533874,0.3035107587768969,0.3776824034334764,0.34872351982618144,0.30944625407166126,0.4324853228962818,0.3251908396946565,0.5812776723592663,0.38424821002386633,0.259,0.187,0.268,0.088,0.642,0.38,0.221,0.426,0.919,0.322
33.83,18.082993388175964,0.315955766192733,0.20236220472440944,0.36981132075471695,0.4368932038834951,0.27325982081323225,0.2838541666666667,0.3386034255599473,0.5013477088948787,0.5866141732283464,0.34065934065934067,0.2,0.257,0.098,0.045,0.793,0.436,0.257,0.186,0.894,0.217
34.96,17.92377245426178,0.27547169811320754,0.1825726141078838,0.2903752039151713,0.40119760479041916,0.42265426880811496,0.3663716814159292,0.36231884057971014,0.3582089552238806,0.639225181598063,0.2528263103802672,0.365,0.132,0.356,0.067,0.5,0.207,0.225,0.36,0.792,0.492
37.1,17.40034794807434,0.3113207547169811,0.2754491017964072,0.27242798353909464,0.3174946004319654,0.3941798941798942,0.2849122807017544,0.3194174757281553,0.48717948717948717,0.6653756777691712,0.3193220338983051,0.297,0.046,0.331,0.147,0.596,0.406,0.329,0.228,0.859,0.471
36.4,17.37141513824463,0.3238341968911917,0.22157588577472237,0.33254716981132076,0.2919605077574048,0.5644599303135889,0.3001543209876543,0.30120481927710846,0.4880382775119617,0.7292768959435626,0.3242730720606827,0.125,0.419,0.282,0.207,0.324,0.389,0.35,0.204,0.827,0.513
37.4,17.295753121376038,0.31422271223814774,0.3055555555555556,0.24655172413793103,0.3076923076923077,0.4027491408934708,0.34522111269614836,0.39776951672862454,0.40340218712029163,0.5679611650485437,0.33944281524926684,0.285,0.077,0.429,0.176,0.586,0.242,0.214,0.332,0.936,0.463
37.43,17.101178765296936,0.30217391304347824,0.2807646356033453,0.340941512125535,0.24930167597765363,0.4339622641509434,0.29384615384615387,0.42452830188679247,0.4249146757679181,0.7021791767554479,0.30931961120640367,0.139,0.235,0.239,0.357,0.506,0.382,0.225,0.249,0.87,0.541
37.03,17.058730483055115,0.3233173076923077,0.23977695167286245,0.29326186830015316,0.24235645041014167,0.5216666666666666,0.34328358208955223,0.35175879396984927,0.41421568627450983,0.6309523809523809,0.3223052294557097,0.269,0.129,0.383,0.325,0.313,0.161,0.28,0.338,0.901,0.604
38.01,17.13235068321228,0.3542713567839196,0.25657370517928285,0.31243358129649307,0.3411764705882353,0.48787878787878786,0.29654157468727005,0.38274932614555257,0.3051735428945645,0.5730061349693252,0.42857142857142855,0.141,0.322,0.294,0.087,0.483,0.403,0.284,0.466,0.934,0.387
37.32,17.37613093852997,0.2903885480572597,0.22216468151216986,0.38461538461538464,0.49230769230769234,0.45852749301025164,0.28973185088293,0.39555555555555555,0.47435897435897434,0.7497716894977169,0.31801007556675065,0.284,0.429,0.2,0.032,0.492,0.443,0.267,0.259,0.821,0.505
38.9,16.995500326156616,0.3153252480705623,0.2238154613466334,0.38813559322033897,0.3382978723404255,0.4488536155202822,0.3391115926327194,0.416793893129771,0.4391304347826087,0.6785173978819969,0.3296187683284457,0.286,0.359,0.229,0.159,0.509,0.313,0.273,0.303,0.897,0.562
37.94,16.988200545310974,0.3107569721115538,0.375,0.2738528769118718,0.2703252032520325,0.41720896601590746,0.29637681159420287,0.39655172413793105,0.385929648241206,0.652014652014652,0.3596412556053812,0.234,0.027,0.376,0.266,0.577,0.409,0.23,0.384,0.89,0.401
37.91,17.11467432975769,0.32646048109965636,0.2795138888888889,0.2951582867783985,0.32196162046908317,0.42061700526711815,0.30224642614023145,0.3120860927152318,0.5232273838630807,0.6674074074074074,0.3134246575342466,0.095,0.161,0.317,0.151,0.559,0.444,0.377,0.214,0.901,0.572
39.15,16.913715481758118,0.2529348986125934,0.3135802469135803,0.3781942078364566,0.38764044943820225,0.4036388140161725,0.32497678737233054,0.34148550724637683,0.4553314121037464,0.7114147909967846,0.36659275683665926,0.474,0.127,0.222,0.069,0.599,0.35,0.377,0.316,0.885,0.496
38.47,16.934681057929993,0.2553424657534247,0.27214377406931967,0.3762057877813505,0.31521739130434784,0.42677824267782427,0.3262135922330097,0.3044117647058823,0.42027194066749074,0.6544011544011544,0.4506329113924051,0.466,0.212,0.117,0.087,0.612,0.336,0.414,0.34,0.907,0.356
37.99,17.020336151123047,0.32592592592592595,0.2587991718426501,0.2557544757033248,0.26785714285714285,0.5182679296346414,0.3872053872053872,0.45454545454545453,0.4579560155239327,0.7120462046204621,0.3103448275862069,0.264,0.125,0.5,0.27,0.383,0.23,0.18,0.354,0.863,0.63
38.38,16.89901602268219,0.3076923076923077,0.32270916334661354,0.27791361043194784,0.3041958041958042,0.3744186046511628,0.3093220338983051,0.41390205371248023,0.4072345390898483,0.7004081632653061,0.34182908545727136,0.308,0.081,0.341,0.174,0.644,0.365,0.262,0.349,0.858,0.456
37.91,17.041785955429077,0.2786312849162011,0.35294117647058826,0.24651162790697675,0.27806563039723664,0.4454935622317597,0.34655172413793106,0.38481338481338484,0.38715953307393,0.6811594202898551,0.4032967032967033,0.399,0.024,0.53,0.161,0.519,0.201,0.299,0.398,0.893,0.367
39.05,16.744502902030945,0.2978540772532189,0.2786259541984733,0.28833865814696485,0.28186046511627905,0.48393782383419687,0.31352282515073215,0.4385026737967914,0.5906593406593407,0.7410562180579217,0.3331438317225696,0.347,0.146,0.361,0.303,0.467,0.364,0.246,0.215,0.87,0.586
38.59,17.030338287353516,0.2918492550394391,0.25359911406423036,0.3023057216054654,0.2609776304888152,0.48938321536905965,0.3053297199638663,0.37812911725955206,0.5153664302600472,0.7066881547139404,0.4003777148253069,0.333,0.229,0.354,0.315,0.484,0.338,0.287,0.218,0.877,0.424
37.7,17.16775918006897,0.2665876777251185,0.25925925925925924,0.43790849673202614,0.3074433656957929,0.3705357142857143,0.3246753246753247,0.4611973392461197,0.4321808510638298,0.6005204944697463,0.32608695652173914,0.45,0.231,0.134,0.095,0.664,0.35,0.208,0.325,0.923,0.39
39.33,16.64416801929474,0.3281027104136947,0.278580814717477,0.3187203791469194,0.284640171858217,0.4150552486187845,0.3094855305466238,0.3422263109475621,0.4574780058651026,0.7448522829006267,0.38396624472573837,0.23,0.212,0.269,0.265,0.601,0.385,0.372,0.312,0.832,0.455
38.6,16.829086422920227,0.31625,0.2505175983436853,0.4121863799283154,0.37755102040816324,0.4210139603232917,0.32670454545454547,0.38263229308005425,0.4535211267605634,0.6940356312935708,0.30033003300330036,0.253,0.363,0.115,0.074,0.573,0.345,0.282,0.322,0.896,0.637
39.51,16.6485835313797,0.3090909090909091,0.2652439024390244,0.33086053412462907,0.37362637362637363,0.4153225806451613,0.3062130177514793,0.37420178799489145,0.444015444015444,0.7124289195775793,0.35196274118429804,0.289,0.261,0.223,0.102,0.618,0.414,0.293,0.345,0.877,0.529
38.87,16.8077175617218,0.305352798053528,0.2570194384449244,0.273095623987034,0.3474088291746641,0.408311345646438,0.30221300138312585,0.3277533039647577,0.533816425120773,0.7068690095846646,0.38847117794486213,0.251,0.119,0.337,0.181,0.619,0.437,0.372,0.221,0.885,0.465
38.76,16.870460271835327,0.27840571088637717,0.26558891454965355,0.3403805496828753,0.33640552995391704,0.3524384112619407,0.33122362869198313,0.4307178631051753,0.4484240687679083,0.6940184049079755,0.3435114503816794,0.468,0.115,0.161,0.146,0.701,0.314,0.258,0.313,0.905,0.495
38.64,17.01737940311432,0.32142857142857145,0.2664233576642336,0.30245535714285715,0.30434782608695654,0.36706135629709363,0.33969118982742963,0.5166666666666667,0.3937246963562753,0.7375105842506351,0.30982367758186397,0.288,0.146,0.271,0.196,0.682,0.374,0.155,0.389,0.871,0.492
39.55,16.70320725440979,0.3275,0.23431498079385404,0.4157303370786517,0.38235294117647056,0.4158815612382234,0.33425925925925926,0.39859154929577467,0.40824742268041236,0.7146302250803859,0.3473684210526316,0.262,0.366,0.148,0.104,0.618,0.361,0.283,0.396,0.889,0.528
39.54,16.664940118789673,0.2838427947598253,0.2549019607843137,0.3308270676691729,0.3320079522862823,0.427536231884058,0.3252873563218391,0.4009009009009009,0.44884910485933505,0.7474048442906575,0.3392145702902675,0.39,0.182,0.264,0.167,0.59,0.283,0.267,0.351,0.864,0.596
39.18,16.900856614112854,0.34980237154150196,0.24518613607188702,0.421875,0.3378839590443686,0.41339343206696716,0.3296875,0.4204946996466431,0.4151838671411625,0.6790766939687267,0.31899641577060933,0.177,0.382,0.162,0.099,0.642,0.422,0.238,0.35,0.912,0.534
39.1,16.836686730384827,0.3215339233038348,0.2682619647355164,0.3187702265372168,0.3030769230769231,0.35294117647058826,0.33461909353905495,0.473551637279597,0.4011299435028249,0.6240703177822853,0.41169853768278963,0.327,0.213,0.197,0.197,0.726,0.347,0.188,0.426,0.923,0.366
39.93,16.67984914779663,0.33002207505518766,0.2709284627092846,0.26908821349147516,0.3208955223880597,0.44561688311688313,0.35555555555555557,0.3497797356828194,0.5746268656716418,0.7164536741214057,0.35990190067443284,0.299,0.178,0.363,0.172,0.549,0.32,0.397,0.231,0.897,0.587
39.68,16.536905169487,0.2916666666666667,0.25501432664756446,0.2762669962917182,0.29219143576826195,0.5195402298850574,0.4172661870503597,0.36684491978609624,0.3983903420523139,0.7510584250635055,0.4222027972027972,0.434,0.178,0.447,0.232,0.452,0.116,0.343,0.396,0.887,0.483
40.01,16.626683712005615,0.35104895104895106,0.2323869610935857,0.35714285714285715,0.28631138975966564,0.4404852160727824,0.3756906077348066,0.40620592383638926,0.5191256830601093,0.7465870307167235,0.3836948391922214,0.251,0.442,0.22,0.274,0.581,0.272,0.288,0.285,0.875,0.513
39.86,16.62094008922577,0.3157894736842105,0.3411214953271028,0.3313253012048193,0.3015075376884422,0.3501984126984127,0.30285296269202633,0.4105263157894737,0.4702774108322325,0.6614730878186968,0.3979933110367893,0.336,0.146,0.165,0.18,0.706,0.414,0.273,0.356,0.934,0.476
37.88,17.2882798910141,0.34782608695652173,0.22435897435897437,0.37250554323725055,0.39285714285714285,0.43559928443649376,0.3086582947785856,0.4358974358974359,0.48909657320872274,0.7295492487479132,0.3152454780361757,0.12,0.49,0.168,0.088,0.487,0.467,0.17,0.314,0.874,0.61
40.21,16.62394404411316,0.3242603550295858,0.2743823146944083,0.30286168521462636,0.28668941979522183,0.4541522491349481,0.3406392694063927,0.4448462929475588,0.5386138613861386,0.728171334431631,0.34936268829663963,0.274,0.211,0.381,0.252,0.525,0.373,0.246,0.272,0.884,0.603
39.7,16.73585832118988,0.2939898624185373,0.3333333333333333,0.30995475113122173,0.38055555555555554,0.3939588688946015,0.3317399617590822,0.3471552555448409,0.4780564263322884,0.735738255033557,0.3427710843373494,0.406,0.082,0.274,0.137,0.613,0.347,0.36,0.305,0.877,0.569
39.76,16.605549335479736,0.35845896147403683,0.25811965811965815,0.28735632183908044,0.3881278538812785,0.4099252209381373,0.32116788321167883,0.32418001525553014,0.4626865671641791,0.7288,0.3970223325062035,0.214,0.302,0.25,0.085,0.603,0.396,0.425,0.31,0.911,0.48
39.67,16.657402515411377,0.3277216610549944,0.33127572016460904,0.3479923518164436,0.30601092896174864,0.3650290544109879,0.3473684210526316,0.375,0.43309859154929575,0.6619115549215406,0.33499377334993774,0.292,0.161,0.182,0.224,0.691,0.297,0.285,0.369,0.928,0.538
38.6,17.19205951690674,0.32791728212703103,0.2268588770864947,0.270367054610564,0.363395225464191,0.3714131023280996,0.2937956204379562,0.4745011086474501,0.5239005736137667,0.7232142857142857,0.43243243243243246,0.222,0.299,0.302,0.137,0.686,0.483,0.214,0.274,0.891,0.352
39.62,16.74919307231903,0.30670339761248855,0.26424870466321243,0.2811791383219955,0.32945091514143093,0.4633911368015414,0.37517433751743373,0.5217391304347826,0.4280973451327434,0.6997690531177829,0.34050991501416433,0.334,0.255,0.372,0.198,0.481,0.269,0.156,0.387,0.909,0.601
38.85,16.967729926109314,0.30293159609120524,0.2893401015228426,0.2583050847457627,0.3385518590998043,0.4250720461095101,0.2949438202247191,0.43033509700176364,0.4692556634304207,0.8210313447927199,0.3425480769230769,0.186,0.114,0.381,0.173,0.59,0.525,0.244,0.29,0.812,0.57
40.36,16.595876812934875,0.3337874659400545,0.2562929061784897,0.26725403817914833,0.3564102564102564,0.44551519644180876,0.32869565217391306,0.4151967435549525,0.49065420560747663,0.6771137026239067,0.4438614900314795,0.245,0.336,0.364,0.139,0.601,0.378,0.306,0.315,0.929,0.423
40.31,16.561291337013245,0.325187969924812,0.27886056971514245,0.2809239940387481,0.3431952662721893,0.5106837606837606,0.29839228295819936,0.42484662576687116,0.5297619047619048,0.7426900584795322,0.3635786802030457,0.346,0.186,0.377,0.174,0.478,0.464,0.277,0.267,0.889,0.573
39.59,16.641682386398315,0.3267681289167413,0.28448275862068967,0.2965738758029979,0.2824858757062147,0.3779710144927536,0.3455188679245283,0.3940298507462687,0.47572815533980584,0.8107317073170732,0.3609986504723347,0.365,0.198,0.277,0.25,0.652,0.293,0.264,0.294,0.831,0.535
36.87,17.560417413711548,0.2802709568162574,0.22388059701492538,0.2649712879409352,0.30426356589147285,0.4072727272727273,0.262493424513414,0.4780361757105943,0.4550561797752809,0.8384074941451991,0.47067039106145253,0.331,0.255,0.323,0.157,0.56,0.499,0.185,0.324,0.716,0.337
39.77,16.668466925621033,0.3485148514851485,0.32936507936507936,0.3013530135301353,0.36477987421383645,0.35403726708074534,0.2828663793103448,0.44353518821603927,0.42245989304812837,0.7400990099009901,0.38594969644405897,0.176,0.166,0.245,0.116,0.741,0.525,0.271,0.395,0.897,0.445
41.14,16.477245450019836,0.3224789915966387,0.2877604166666667,0.30290791599353795,0.3498542274052478,0.4404494382022472,0.3177795655671762,0.3956574185765983,0.42264914054600605,0.7927272727272727,0.40731504571903576,0.307,0.221,0.375,0.12,0.588,0.395,0.328,0.418,0.872,0.49
40.37,16.619200468063354,0.32456140350877194,0.25687352710133543,0.28664259927797836,0.3014888337468983,0.5048732943469786,0.30993745656706045,0.5376344086021505,0.5326923076923077,0.7374485596707819,0.3931133428981349,0.185,0.327,0.397,0.243,0.518,0.446,0.2,0.277,0.896,0.548
40.33,16.768338680267334,0.34121621621621623,0.24096385542168675,0.3840909090909091,0.3451178451178451,0.3555992141453831,0.35259433962264153,0.454242928452579,0.4805013927576602,0.756138865368332,0.385,0.303,0.36,0.169,0.205,0.724,0.299,0.273,0.345,0.893,0.462
39.99,16.53059720993042,0.34710743801652894,0.3158953722334004,0.28641801548205487,0.2459214501510574,0.47796024200518583,0.2928679817905918,0.4438943894389439,0.5886889460154242,0.716523101018011,0.43348837209302327,0.21,0.157,0.407,0.407,0.553,0.386,0.269,0.229,0.915,0.466
41.18,16.400447845458984,0.3144712430426716,0.26376440460947503,0.3796477495107632,0.30581867388362655,0.4614134849715678,0.3397642015005359,0.4326647564469914,0.44625,0.7953917050691244,0.3961848862802641,0.339,0.412,0.194,0.226,0.568,0.317,0.302,0.357,0.863,0.54
41.57,16.3878333568573,0.3297180043383948,0.3190839694656489,0.2945682451253482,0.3159722222222222,0.4789915966386555,0.33519553072625696,0.5169082125603864,0.44308035714285715,0.7895212285456188,0.3779628443305573,0.304,0.209,0.423,0.273,0.513,0.36,0.214,0.397,0.874,0.59
41.43,16.424954056739807,0.33923705722070846,0.2876190476190476,0.36363636363636365,0.31069182389937106,0.42216358839050133,0.3048780487804878,0.4452247191011236,0.4838709677419355,0.6700581395348837,0.43283582089552236,0.249,0.302,0.232,0.247,0.64,0.425,0.317,0.345,0.922,0.464
40.93,16.631505250930786,0.3296296296296296,0.25653370013755156,0.3567753001715266,0.30562060889929743,0.4485407066052227,0.38190954773869346,0.41911764705882354,0.46026097271648875,0.8509763617677287,0.3561811505507956,0.356,0.373,0.208,0.261,0.584,0.228,0.285,0.388,0.828,0.582
40.31,16.749788284301758,0.29594017094017094,0.24649298597194388,0.3211764705882353,0.3177842565597668,0.425,0.3546961325966851,0.4661016949152542,0.42315175097276264,0.8488843813387424,0.3939393939393939,0.277,0.369,0.273,0.218,0.561,0.321,0.22,0.435,0.837,0.52
41.41,16.370725393295288,0.3316831683168317,0.2846911369740376,0.35958395245170877,0.31795716639209226,0.4613379669852302,0.31439688715953307,0.44838212634822805,0.4820971867007673,0.7667814113597247,0.35447338618346547,0.268,0.318,0.242,0.193,0.531,0.404,0.291,0.377,0.891,0.626
41.18,16.405986428260803,0.30656934306569344,0.27346938775510204,0.3263157894736842,0.3747016706443914,0.5,0.28496196606202456,0.5104166666666666,0.4495114006514658,0.8128544423440454,0.37759067357512954,0.252,0.268,0.341,0.157,0.511,0.487,0.245,0.414,0.86,0.583
40.13,16.657416701316833,0.3230769230769231,0.27330173775671407,0.3860369609856263,0.2714893617021277,0.4405043341213554,0.28887523048555624,0.4860215053763441,0.5207296849087893,0.7695652173913043,0.36989795918367346,0.126,0.346,0.188,0.319,0.559,0.47,0.226,0.314,0.885,0.58
40.82,16.322462797164917,0.28386050283860503,0.2889273356401384,0.30063069376313944,0.31215469613259667,0.5109489051094891,0.33797585886722376,0.43045387994143486,0.5314814814814814,0.7180892717306187,0.3715046604527297,0.35,0.167,0.429,0.226,0.49,0.364,0.294,0.287,0.917,0.558
40.47,16.471165418624878,0.3629976580796253,0.2423887587822014,0.34702549575070823,0.28313253012048195,0.46153846153846156,0.31129476584022037,0.4163027656477438,0.5881057268722467,0.7653061224489796,0.4095322153574581,0.155,0.414,0.245,0.282,0.582,0.452,0.286,0.267,0.9,0.464
40.15,16.645129323005676,0.3313008130081301,0.2816568047337278,0.33579335793357934,0.30120481927710846,0.42788461538461536,0.2959522229595222,0.39637599093997733,0.5863746958637469,0.8036697247706422,0.33173939031679617,0.163,0.238,0.273,0.25,0.623,0.446,0.35,0.241,0.876,0.555
41.69,16.25705099105835,0.3446153846153846,0.27692307692307694,0.29915254237288136,0.34104046242774566,0.4627450980392157,0.3377234242709313,0.40498034076015726,0.45957918050941304,0.7377312952534192,0.4059967585089141,0.224,0.324,0.353,0.177,0.59,0.359,0.309,0.415,0.917,0.501
41.83,16.288262009620667,0.304383788254756,0.2930800542740841,0.3323013415892673,0.3261964735516373,0.441131498470948,0.37285714285714283,0.45977011494252873,0.46485260770975056,0.8131455399061033,0.3613202084539664,0.368,0.216,0.322,0.259,0.577,0.261,0.28,0.41,0.866,0.624
41.58,16.382129311561584,0.29766536964980544,0.33275862068965517,0.33504492939666236,0.3270042194092827,0.4243027888446215,0.31597975415762836,0.3652582159624413,0.43451143451143454,0.7574215436810857,0.44731800766283525,0.306,0.193,0.261,0.155,0.639,0.437,0.389,0.418,0.893,0.467
41.3,16.39814519882202,0.3533950617283951,0.25059808612440193,0.3656957928802589,0.3027656477438137,0.47069431920649235,0.3367662203913491,0.427536231884058,0.4830188679245283,0.7267672756155679,0.3900709219858156,0.229,0.419,0.226,0.208,0.522,0.327,0.295,0.384,0.915,0.605
42.42,16.18180799484253,0.33076923076923076,0.35597826086956524,0.30803242446573326,0.32674772036474165,0.48113998323554064,0.3473684210526316,0.39125560538116594,0.43079922027290446,0.7454545454545455,0.4111791730474732,0.344,0.131,0.418,0.215,0.574,0.33,0.349,0.442,0.902,0.537
40.99,16.70795500278473,0.3047304730473047,0.3058823529411765,0.27507163323782235,0.41379310344827586,0.439005439005439,0.31828113619810633,0.460655737704918,0.46707317073170734,0.7663469921534438,0.37285121517486663,0.277,0.156,0.384,0.108,0.565,0.437,0.281,0.383,0.879,0.629
41.09,16.53801441192627,0.3010752688172043,0.2784313725490196,0.2981243830207305,0.33589743589743587,0.4157303370786517,0.3373134328358209,0.443267776096823,0.4141791044776119,0.7659758203799655,0.3997093023255814,0.392,0.142,0.302,0.131,0.629,0.339,0.293,0.444,0.887,0.55
41.52,16.286940336227417,0.31475409836065577,0.2961082910321489,0.3027185892725937,0.3094958968347011,0.4658493870402802,0.35768261964735515,0.3906605922551253,0.4985294117647059,0.8059149722735675,0.3909935668334525,0.384,0.175,0.412,0.264,0.532,0.284,0.343,0.339,0.872,0.547
42.07,16.16040849685669,0.3301526717557252,0.3511627906976744,0.2964669738863287,0.3117359413202934,0.4536321483771252,0.3708029197080292,0.36813681368136814,0.5054773082942097,0.7293469708890638,0.405848787446505,0.346,0.151,0.386,0.255,0.587,0.254,0.409,0.323,0.927,0.569
38.54,17.12206780910492,0.33440514469453375,0.23860272350503256,0.2834067547723935,0.30268199233716475,0.5825049701789264,0.2780487804878049,0.43263473053892215,0.39727361246348586,0.7426850258175559,0.484472049689441,0.208,0.403,0.386,0.158,0.293,0.456,0.289,0.408,0.863,0.39
40.66,16.742724537849426,0.2936802973977695,0.3008982035928144,0.3261105092091008,0.2858649789029536,0.4398523985239852,0.33703329969727547,0.4608540925266904,0.5810185185185185,0.8091674462114126,0.3473930872876391,0.395,0.201,0.301,0.271,0.596,0.334,0.259,0.251,0.865,0.593
41.74,16.518186211586,0.3361581920903955,0.27436140018921473,0.33793103448275863,0.31631205673758866,0.41791979949874686,0.3545893719806763,0.39044289044289043,0.47137150466045274,0.7253354380426204,0.41294298921417566,0.238,0.29,0.245,0.223,0.667,0.367,0.335,0.354,0.919,0.536
41.75,16.355374217033386,0.35722819593787336,0.2927835051546392,0.3426028921023359,0.28773072747014117,0.42210730446024564,0.3507362784471218,0.3705636743215031,0.46153846153846156,0.7758164165931156,0.4204152249134948,0.299,0.284,0.308,0.265,0.653,0.262,0.355,0.384,0.879,0.486
41.39,16.532312512397766,0.3202127659574468,0.29615745079662603,0.37538940809968846,0.28771228771228774,0.4652455977757183,0.30077301475755447,0.44478063540090773,0.4675480769230769,0.7773820124666073,0.411525974025974,0.301,0.316,0.241,0.288,0.502,0.428,0.294,0.389,0.873,0.507
40.49,16.802306175231934,0.2807486631016043,0.30517241379310345,0.3095623987034036,0.29346733668341707,0.4663594470046083,0.30858806404657935,0.44773790951638065,0.5544147843942505,0.8016838166510758,0.38145789101203115,0.315,0.177,0.382,0.292,0.506,0.424,0.287,0.27,0.857,0.539
41.63,16.44556498527527,0.310010764262648,0.2867063492063492,0.34552845528455284,0.3210702341137124,0.5109717868338558,0.3142857142857143,0.3840725806451613,0.48183254344391785,0.7988929889298892,0.4049469964664311,0.288,0.289,0.34,0.192,0.489,0.44,0.381,0.305,0.866,0.573
41.76,16.72261416912079,0.29913710450623204,0.3265625,0.32556131260794474,0.31676136363636365,0.4416988416988417,0.302962962962963,0.4688473520249221,0.4418604651162791,0.7775831873905429,0.4327693677649154,0.312,0.209,0.377,0.223,0.572,0.409,0.301,0.399,0.888,0.486
40.67,16.496183156967163,0.33537519142419603,0.26499189627228525,0.29511834319526625,0.257825370675453,0.4940944881889764,0.32781065088757394,0.5215189873417722,0.4220272904483431,0.7485572959604286,0.4591254752851711,0.219,0.327,0.399,0.313,0.502,0.277,0.206,0.433,0.908,0.483
41.36,16.868740558624268,0.32650273224043713,0.3159722222222222,0.2886259040105194,0.31586402266288954,0.467687074829932,0.34346846846846846,0.36826042726347913,0.4492924528301887,0.78809738503156,0.4177323103154305,0.239,0.273,0.439,0.223,0.55,0.305,0.362,0.381,0.874,0.49
41.17,16.43044400215149,0.3353028064992615,0.28868778280542984,0.3408769448373409,0.31716417910447764,0.455188679245283,0.34347826086956523,0.4363001745200698,0.46375,0.7441295546558705,0.33560566334556896,0.227,0.319,0.241,0.255,0.579,0.316,0.25,0.371,0.919,0.64
40.81,16.694395661354065,0.31493212669683257,0.2769070010449321,0.30398671096345514,0.2901849217638691,0.5213483146067416,0.33766233766233766,0.3546099290780142,0.5614406779661016,0.7429034874290349,0.38809034907597534,0.348,0.265,0.366,0.204,0.464,0.286,0.4,0.265,0.916,0.567
41.24,16.410348057746887,0.33035714285714285,0.24895104895104894,0.33597285067873306,0.31839258114374036,0.4669527896995708,0.33087557603686635,0.46,0.44642857142857145,0.7639235245220283,0.38670284938941657,0.222,0.356,0.297,0.206,0.544,0.359,0.276,0.375,0.919,0.57
40.91,16.60880219936371,0.3202247191011236,0.2774674115456238,0.2901907356948229,0.31496062992125984,0.5086306098964327,0.3271889400921659,0.4343015214384509,0.4247697031729785,0.7778761061946903,0.40662894098625707,0.228,0.298,0.426,0.16,0.442,0.426,0.314,0.415,0.879,0.503
41.52,16.42714023590088,0.31910352187833513,0.3039443155452436,0.301572617946346,0.30445859872611464,0.4421364985163205,0.35047219307450156,0.4616695059625213,0.38461538461538464,0.802367941712204,0.42058562555456963,0.299,0.262,0.326,0.239,0.596,0.334,0.271,0.47,0.881,0.474
41.74,16.558626651763916,0.31664726426076834,0.2840501792114695,0.3140578265204387,0.32362459546925565,0.47368421052631576,0.33546034639927075,0.43376623376623374,0.48707482993197276,0.7783549783549784,0.3788984737889847,0.272,0.317,0.315,0.2,0.54,0.368,0.334,0.358,0.899,0.571
41.74,16.49518644809723,0.30548302872062666,0.2954838709677419,0.31046119235095615,0.36926605504587157,0.4218230206254158,0.3153910849453322,0.4231274638633377,0.45859085290482077,0.7455429497568882,0.4262948207171315,0.351,0.229,0.276,0.161,0.634,0.375,0.322,0.371,0.92,0.535
41.08,16.671616315841675,0.30157068062827225,0.2775250227479527,0.3324175824175824,0.28975265017667845,0.4453900709219858,0.328544061302682,0.4576271186440678,0.47424242424242424,0.7556485355648536,0.413322632423756,0.288,0.305,0.242,0.328,0.628,0.343,0.243,0.313,0.903,0.515
41.74,16.83979082107544,0.3144385026737968,0.31425091352009743,0.3394285714285714,0.38823529411764707,0.5246478873239436,0.3294987674609696,0.4384949348769899,0.4663143989431968,0.6859688195991092,0.35037593984962406,0.294,0.258,0.297,0.198,0.447,0.401,0.303,0.353,0.924,0.699
40.41,16.929994702339172,0.3119358074222668,0.27040194884287455,0.29221435793731043,0.32125984251968503,0.40498034076015726,0.32452431289640593,0.366412213740458,0.45758661887694146,0.8129699248120301,0.3990536277602524,0.311,0.222,0.289,0.204,0.618,0.307,0.336,0.383,0.865,0.506
40.96,16.788914918899536,0.2994161801501251,0.27207062600321025,0.3350189633375474,0.3210702341137124,0.46707638279192276,0.32636469221835074,0.41022280471821754,0.4143968871595331,0.7131842713955281,0.43042671614100186,0.359,0.339,0.265,0.192,0.532,0.281,0.313,0.426,0.925,0.464
40.85,16.788599371910095,0.31890179514255546,0.2718351324828263,0.28667225481978204,0.318941504178273,0.4673144876325088,0.3192090395480226,0.43106180665610144,0.4293304994686504,0.8163841807909604,0.4046332046332046,0.302,0.277,0.342,0.229,0.529,0.339,0.272,0.404,0.867,0.524
40.78,17.085821986198425,0.2918994413407821,0.3021702838063439,0.31894013738959764,0.3118279569892473,0.44819078947368424,0.3230429988974642,0.391304347826087,0.48575712143928035,0.7996237064910631,0.3797709923664122,0.418,0.181,0.325,0.203,0.545,0.293,0.342,0.324,0.85,0.597
40.69,17.372005224227905,0.31175298804780877,0.2671443193449335,0.29541734860883795,0.32086614173228345,0.4663594470046083,0.2884114583333333,0.4262295081967213,0.4906832298136646,0.7892857142857143,0.4351535836177474,0.313,0.261,0.361,0.163,0.506,0.443,0.312,0.316,0.884,0.51
40.95,16.890162467956543,0.30568356374807987,0.29781021897810217,0.2904498816101026,0.2930856553147575,0.4598737601442741,0.32923832923832924,0.40898058252427183,0.4946070878274268,0.7697654213727194,0.4219512195121951,0.398,0.204,0.368,0.284,0.51,0.268,0.337,0.321,0.886,0.519
39.82,17.293373227119446,0.3253652058432935,0.25139664804469275,0.2880886426592798,0.3011015911872705,0.3896551724137931,0.35435435435435436,0.4251968503937008,0.44609665427509293,0.8264794383149449,0.3971176941553243,0.245,0.315,0.312,0.246,0.678,0.236,0.27,0.36,0.824,0.496
41.6,16.766836762428284,0.3261758691206544,0.2762384550797649,0.3498542274052478,0.3136792452830189,0.42401628222523746,0.319634703196347,0.43902439024390244,0.452894438138479,0.7426470588235294,0.4253275109170306,0.319,0.329,0.24,0.266,0.625,0.28,0.306,0.399,0.909,0.487
40.7,17.178925156593323,0.2903225806451613,0.30584192439862545,0.3221556886227545,0.2806236080178174,0.4198931909212283,0.30184581976112923,0.49266247379454925,0.4894308943089431,0.7392363931762794,0.4389380530973451,0.396,0.178,0.269,0.378,0.629,0.278,0.235,0.301,0.91,0.496
40.29,17.0698059797287,0.31061806656101426,0.254416961130742,0.3446153846153846,0.31201248049922,0.411373260738052,0.3010590015128593,0.42074074074074075,0.4713541666666667,0.7454242928452579,0.411313518696069,0.196,0.36,0.224,0.2,0.68,0.398,0.284,0.362,0.896,0.429
41.07,16.983851552009583,0.31649484536082473,0.2824561403508772,0.3230429988974642,0.29282576866764276,0.41454319453076444,0.3268671193016489,0.3825136612021858,0.42574257425742573,0.7388120423108218,0.42193308550185876,0.307,0.161,0.293,0.2,0.667,0.337,0.35,0.43,0.908,0.454
40.62,17.278687596321106,0.33421750663129973,0.2712765957446808,0.25888958203368684,0.3157051282051282,0.4634146341463415,0.31212381771281167,0.4368,0.45975609756097563,0.7552388935456832,0.4142521534847298,0.252,0.204,0.415,0.197,0.551,0.363,0.273,0.377,0.901,0.529
40.62,16.7821284532547,0.328,0.26964933494558646,0.2952789699570815,0.28058361391694725,0.49388523047977423,0.3138357705286839,0.36258437801350046,0.47346938775510206,0.721298495645289,0.4230088495575221,0.328,0.223,0.344,0.25,0.525,0.279,0.376,0.348,0.911,0.478
39.9,17.394490361213684,0.2988165680473373,0.25101214574898784,0.30969267139479906,0.28639391056137015,0.4630314232902033,0.3129251700680272,0.42467948717948717,0.5160142348754448,0.7392384105960265,0.40252038547071906,0.303,0.31,0.262,0.301,0.501,0.322,0.265,0.29,0.893,0.543
40.87,16.80500304698944,0.3345238095238095,0.29312762973352036,0.3163265306122449,0.3160453808752026,0.44309559939301973,0.32038834951456313,0.3934226552984166,0.4501940491591203,0.7887067395264117,0.3584788029925187,0.281,0.209,0.31,0.195,0.584,0.396,0.323,0.348,0.866,0.575
40.74,17.059717297554016,0.3049421661409043,0.2747791952894995,0.3109072375127421,0.2910958904109589,0.4718045112781955,0.31338028169014087,0.3650637880274779,0.5322283609576427,0.7516501650165016,0.4286905754795663,0.29,0.28,0.305,0.255,0.502,0.356,0.372,0.289,0.911,0.514
40.8,16.96995484828949,0.28739913097454994,0.2717023675310034,0.29865125240847784,0.3169230769230769,0.4876893939393939,0.32801822323462415,0.47538200339558573,0.5349716446124764,0.7658119658119659,0.3756281407035176,0.463,0.241,0.31,0.206,0.515,0.288,0.28,0.283,0.896,0.598
41.49,16.79703450202942,0.30711610486891383,0.2655709342560554,0.3184782608695652,0.3047735618115055,0.4822565969062784,0.3288166214995483,0.4523076923076923,0.441834451901566,0.7512437810945274,0.44598337950138506,0.328,0.307,0.293,0.249,0.53,0.364,0.294,0.395,0.906,0.483
41.45,17.20924186706543,0.30786516853932583,0.29689298043728424,0.3313885647607935,0.280561122244489,0.4850187265917603,0.3697841726618705,0.3631984585741811,0.510569105691057,0.8046296296296296,0.39930795847750866,0.411,0.258,0.284,0.28,0.518,0.257,0.377,0.314,0.869,0.577
40.45,17.822649598121643,0.31256830601092894,0.30057803468208094,0.28907563025210087,0.28304821150855364,0.4069264069264069,0.2987106017191977,0.37821171634121276,0.4486345903771131,0.8460764587525151,0.45528455284552843,0.286,0.156,0.344,0.182,0.658,0.417,0.368,0.345,0.841,0.448
40.53,17.31273102760315,0.3390728476821192,0.24919093851132687,0.30513595166163143,0.26755852842809363,0.4795373665480427,0.3191681735985534,0.42618384401114207,0.39918533604887985,0.7351263243683781,0.4177812745869394,0.256,0.231,0.303,0.24,0.539,0.353,0.306,0.392,0.902,0.531
41.51,16.888293027877808,0.330567081604426,0.26961770623742454,0.32146037399821903,0.2882273342354533,0.45433436532507737,0.33191850594227507,0.4291845493562232,0.4640198511166253,0.7725694444444444,0.4080370942812983,0.239,0.268,0.361,0.213,0.587,0.391,0.3,0.374,0.89,0.528
39.76,17.423203110694885,0.29553264604810997,0.2710413694721826,0.3150057273768614,0.2745945945945946,0.38707833047455686,0.3139260424862313,0.4888888888888889,0.4134020618556701,0.8234126984126984,0.4,0.258,0.19,0.275,0.254,0.677,0.399,0.22,0.401,0.83,0.472
40.68,17.284157395362854,0.3160493827160494,0.25357142857142856,0.3029535864978903,0.30116959064327486,0.4542314335060449,0.32228666114333054,0.3664539653600729,0.48738170347003157,0.8074766355140187,0.41368821292775665,0.256,0.213,0.359,0.206,0.526,0.389,0.402,0.309,0.864,0.544
40.19,17.729726195335388,0.31484049930651875,0.2292950034223135,0.2983081032947462,0.2895480225988701,0.48307692307692307,0.3249776186213071,0.42412935323383083,0.44591346153846156,0.7295147175815434,0.4530938123752495,0.227,0.335,0.335,0.205,0.471,0.363,0.341,0.371,0.917,0.454
40.51,17.276351928710938,0.34398496240601506,0.2403560830860534,0.30977814297452755,0.29482758620689653,0.45258964143426295,0.3083989501312336,0.42701227830832195,0.5008880994671403,0.7596964586846543,0.38813438170121517,0.183,0.243,0.377,0.171,0.568,0.47,0.313,0.282,0.901,0.543
40.1,17.67641770839691,0.3036187113857017,0.2383985441310282,0.29878869448183043,0.2972972972972973,0.400999375390381,0.3508158508158508,0.4278145695364238,0.45161290322580644,0.7674825174825175,0.3979907264296754,0.344,0.262,0.222,0.187,0.642,0.301,0.323,0.336,0.878,0.515
40.4,17.18904399871826,0.30157342657342656,0.23692307692307693,0.2988505747126437,0.29949238578680204,0.4861244019138756,0.3456221198156682,0.4258241758241758,0.4782608695652174,0.7292817679558011,0.4060475161987041,0.345,0.308,0.312,0.236,0.508,0.225,0.31,0.308,0.924,0.564
40.28,18.208060145378113,0.2842377260981912,0.26693227091633465,0.32,0.27606752730883816,0.47946428571428573,0.29069767441860467,0.46113074204946997,0.40239912758996726,0.8216682646212847,0.43919510061242345,0.22,0.268,0.336,0.278,0.537,0.4,0.261,0.369,0.857,0.502
40.42,17.895044803619385,0.2773837667454689,0.23997233748271093,0.36128048780487804,0.3110773899848255,0.4801587301587302,0.3256059009483667,0.43288084464555054,0.4496894409937888,0.7398703403565641,0.41647597254004576,0.352,0.347,0.237,0.205,0.484,0.309,0.287,0.362,0.913,0.546
39.65,17.663491129875183,0.3058968058968059,0.2495164410058027,0.3161290322580645,0.28445006321112515,0.4112271540469974,0.29658060013956733,0.5197889182058048,0.4362880886426593,0.7125097125097125,0.42207792207792205,0.249,0.258,0.294,0.225,0.63,0.425,0.197,0.315,0.917,0.455
39.36,17.99916923046112,0.2731607629427793,0.23753976670201485,0.34175531914893614,0.25773195876288657,0.48500517063081694,0.315028901734104,0.4598393574297189,0.536779324055666,0.6793837123991195,0.39828693790149894,0.401,0.224,0.257,0.275,0.469,0.327,0.229,0.27,0.926,0.558
40.78,17.306054830551147,0.30726256983240224,0.2584070796460177,0.3216650898770104,0.29770992366412213,0.4535472972972973,0.36022253129346316,0.4073604060913706,0.38706654170571697,0.7491776315789473,0.3801813471502591,0.33,0.146,0.34,0.234,0.537,0.259,0.321,0.413,0.911,0.587
39.9,18.263930797576904,0.3094098883572568,0.2703296703296703,0.3078534031413613,0.313969571230982,0.44782608695652176,0.2682277807344332,0.42386831275720166,0.4828767123287671,0.7728482697426797,0.41641337386018235,0.194,0.246,0.294,0.227,0.515,0.504,0.309,0.282,0.871,0.548
40.34,17.860557913780212,0.3089960886571056,0.26649958228905596,0.29971988795518206,0.2988505747126437,0.4328686720469552,0.3021853805576488,0.45085803432137284,0.5208333333333334,0.8099331423113658,0.40752351097178685,0.237,0.319,0.321,0.234,0.59,0.401,0.289,0.275,0.848,0.52
40.74,17.11358654499054,0.32920110192837465,0.27170868347338933,0.3047034764826176,0.28904665314401623,0.412532637075718,0.3252108716026242,0.41799709724238027,0.4736147757255937,0.75,0.4355329949238579,0.239,0.291,0.298,0.285,0.632,0.347,0.288,0.359,0.906,0.429
40.32,17.724606156349182,0.30523255813953487,0.2981715893108298,0.3060897435897436,0.28693790149892934,0.42857142857142855,0.29227557411273486,0.4341534008683068,0.46577380952380953,0.7981132075471699,0.4152542372881356,0.21,0.212,0.382,0.268,0.591,0.42,0.3,0.313,0.846,0.49
40.6,17.281733870506287,0.31282586027111575,0.2557280118255728,0.33926453143534996,0.31901840490797545,0.4863636363636364,0.2886178861788618,0.3592870544090056,0.4346820809248555,0.7853922452660054,0.45841784989858014,0.3,0.346,0.286,0.156,0.535,0.355,0.383,0.376,0.871,0.452
40.35,18.26150953769684,0.3318903318903319,0.27348066298342544,0.28065573770491803,0.2998522895125554,0.4265927977839335,0.29295589203423306,0.43601190476190477,0.5266055045871559,0.7934782608695652,0.41841385597082953,0.23,0.198,0.428,0.203,0.616,0.445,0.293,0.287,0.876,0.459
40.35,18.43773365020752,0.3150984682713348,0.284037558685446,0.3614457831325301,0.29069767441860467,0.39410029498525073,0.3027754415475189,0.438136826783115,0.4593437945791726,0.6680942184154176,0.41876208897485495,0.288,0.242,0.21,0.275,0.668,0.36,0.301,0.322,0.936,0.433
39.98,18.08402717113495,0.3150242326332795,0.2588126159554731,0.3155241935483871,0.29876543209876544,0.4056895485466914,0.30376153300212916,0.4681274900398406,0.5041736227045075,0.7808340727595386,0.37530072173215717,0.195,0.279,0.313,0.242,0.656,0.428,0.235,0.302,0.88,0.468
40.06,18.165338158607483,0.30277777777777776,0.2583732057416268,0.3054726368159204,0.2890551917680075,0.4603448275862069,0.299601593625498,0.4035928143712575,0.4915572232645403,0.7462932454695222,0.45340314136125653,0.218,0.324,0.307,0.309,0.534,0.376,0.337,0.262,0.906,0.433
39.59,18.31916904449463,0.3241252302025783,0.246422893481717,0.3013698630136986,0.3047895500725689,0.3814553990610329,0.32892249527410206,0.4200848656294201,0.4290617848970252,0.8005591798695247,0.38587848932676516,0.176,0.31,0.264,0.21,0.65,0.348,0.297,0.375,0.859,0.47
39.68,18.551414489746094,0.29882044560943644,0.25077720207253884,0.3328840970350404,0.3192307692307692,0.39987562189054726,0.29362880886426596,0.4098159509202454,0.4418604651162791,0.7398843930635838,0.3871773522064946,0.228,0.242,0.247,0.166,0.643,0.424,0.334,0.323,0.896,0.465
40.31,18.373122334480286,0.30804248861911987,0.24500434404865334,0.322,0.296875,0.4709562109025916,0.30666666666666664,0.43781725888324874,0.384967919340055,0.786038077969175,0.4270531400966184,0.203,0.282,0.322,0.209,0.527,0.414,0.345,0.42,0.867,0.442
40.61,17.136388659477234,0.2959917780061665,0.2525597269624573,0.3124378109452736,0.3030690537084399,0.465,0.33585858585858586,0.39092872570194387,0.49144634525660963,0.7595907928388747,0.3995502248875562,0.288,0.296,0.314,0.237,0.558,0.266,0.362,0.316,0.891,0.533
40.87,17.849621653556824,0.2961038961038961,0.2659279778393352,0.32914046121593293,0.28295454545454546,0.45305514157973176,0.31178033658104515,0.37561942517343905,0.4611032531824611,0.7767936226749336,0.460431654676259,0.342,0.192,0.314,0.249,0.608,0.352,0.379,0.326,0.877,0.448
39.66,18.112555980682373,0.3220779220779221,0.24096385542168675,0.3030973451327434,0.29567642956764295,0.433201581027668,0.31808943089430897,0.40863309352517985,0.4579831932773109,0.774390243902439,0.38146551724137934,0.248,0.34,0.274,0.212,0.548,0.313,0.284,0.327,0.889,0.531
39.92,18.77082848548889,0.32869785082174463,0.24348473566641846,0.2706630336058129,0.28957528957528955,0.4328767123287671,0.30959752321981426,0.42625169147496617,0.4838235294117647,0.7416666666666667,0.4425531914893617,0.26,0.327,0.298,0.225,0.632,0.3,0.315,0.329,0.89,0.416
40.02,18.751577258110046,0.28515625,0.2686046511627907,0.2885964912280702,0.28095238095238095,0.4659949622166247,0.286,0.39602803738317754,0.532319391634981,0.7584175084175084,0.4270557029177719,0.219,0.231,0.329,0.236,0.555,0.429,0.339,0.28,0.901,0.483
40.22,18.008198142051697,0.2894321766561514,0.24394463667820068,0.3402061855670103,0.28175026680896476,0.4603559870550162,0.3149678604224059,0.4469178082191781,0.4511691884456671,0.7979890310786106,0.4097560975609756,0.367,0.282,0.231,0.264,0.569,0.343,0.261,0.328,0.873,0.504
39.86,17.755064964294434,0.29464285714285715,0.2639344262295082,0.3033932135728543,0.2772093023255814,0.4911504424778761,0.3345724907063197,0.37669094693028093,0.450920245398773,0.786096256684492,0.366914710933028,0.33,0.161,0.304,0.298,0.444,0.27,0.362,0.294,0.882,0.641
39.87,17.754738807678223,0.32552404438964244,0.2375551354757404,0.37636761487964987,0.2777777777777778,0.42713903743315507,0.3328488372093023,0.3615537848605578,0.45527156549520764,0.7739430543572045,0.4198198198198198,0.264,0.377,0.172,0.295,0.639,0.229,0.363,0.285,0.897,0.466
39.79,19.343623399734497,0.29545454545454547,0.25657298277425206,0.30754352030947774,0.29043280182232345,0.5348837209302325,0.3092608326253186,0.39404761904761904,0.5,0.7647058823529411,0.3738262910798122,0.247,0.283,0.318,0.255,0.368,0.364,0.331,0.292,0.884,0.637
39.59,18.169362664222717,0.3191881918819188,0.24842767295597484,0.26676946800308404,0.3071297989031079,0.47294776119402987,0.2910089224433768,0.40445859872611467,0.4018957345971564,0.766156462585034,0.41273584905660377,0.173,0.237,0.346,0.168,0.507,0.424,0.254,0.424,0.901,0.525
40.49,17.624062538146973,0.2935153583617747,0.2628458498023715,0.28902765388046386,0.3145009416195857,0.45931758530183725,0.31709741550695825,0.3867713004484305,0.45580808080808083,0.7914055505819159,0.4233937397034596,0.344,0.266,0.324,0.167,0.525,0.319,0.345,0.361,0.884,0.514
38.9,19.463549852371216,0.3112313937753721,0.2708333333333333,0.3072289156626506,0.28110599078341014,0.3828996282527881,0.28826728826728826,0.46169354838709675,0.4609250398724083,0.7641427328111401,0.35517693315858456,0.23,0.234,0.255,0.244,0.618,0.371,0.229,0.289,0.878,0.542
39.46,19.524709343910217,0.292,0.2393526405451448,0.28209606986899566,0.2957393483709273,0.4850187265917603,0.29514207149404215,0.4261006289308176,0.44862518089725034,0.7981566820276498,0.4016768292682927,0.292,0.281,0.323,0.236,0.518,0.322,0.271,0.31,0.866,0.527
39.79,19.839221715927124,0.3084522502744237,0.23625096824167313,0.30403309203722856,0.3137516688918558,0.4357976653696498,0.2983576642335766,0.42382271468144045,0.46740858505564387,0.7680278019113814,0.41117597998331945,0.281,0.305,0.294,0.235,0.56,0.327,0.306,0.294,0.884,0.493
39.78,17.91419291496277,0.29112662013958124,0.25071225071225073,0.29460966542750927,0.2966321243523316,0.4521805661820964,0.2999128160418483,0.4298507462686567,0.5044091710758377,0.8131553860819828,0.42388059701492536,0.292,0.352,0.317,0.229,0.591,0.344,0.288,0.286,0.853,0.426
40.13,19.39150357246399,0.28973277074542897,0.2572402044293015,0.33291925465838507,0.29504504504504503,0.4637223974763407,0.2900912646675359,0.3710762331838565,0.44874715261959,0.7319078947368421,0.424860853432282,0.206,0.302,0.268,0.131,0.588,0.445,0.331,0.394,0.89,0.458
39.73,19.852160215377808,0.2894736842105263,0.3197903014416776,0.34805194805194806,0.2506989748369059,0.46644010195412067,0.27344782034346105,0.4265402843601896,0.4305555555555556,0.7147435897435898,0.3844444444444444,0.176,0.244,0.268,0.269,0.549,0.414,0.27,0.372,0.892,0.519
40.04,18.655306220054626,0.3039918116683726,0.2858837485172005,0.29635761589403975,0.2860169491525424,0.407512402551382,0.3188548864758144,0.44763860369609854,0.5039872408293461,0.7020946470131885,0.41715237302248126,0.297,0.241,0.358,0.27,0.575,0.323,0.218,0.316,0.905,0.501
40.69,18.100104451179504,0.29475766567754697,0.2903981264637002,0.3129610115911486,0.31343283582089554,0.42120141342756184,0.32479414455626715,0.39413265306122447,0.43603411513859275,0.8308308308308309,0.4017094017094017,0.298,0.248,0.297,0.21,0.596,0.355,0.309,0.409,0.83,0.517
39.62,18.29287540912628,0.3178294573643411,0.26800670016750416,0.3248081841432225,0.2811764705882353,0.4067140090380891,0.2974438419829589,0.4081920903954802,0.49056603773584906,0.7070866141732284,0.4051418439716312,0.205,0.32,0.254,0.239,0.63,0.384,0.289,0.286,0.898,0.457
39.97,19.511743426322937,0.2883435582822086,0.30257510729613735,0.29444009397024273,0.32454361054766734,0.4635983263598326,0.3103112840466926,0.34421364985163205,0.4399538106235566,0.7497879558948262,0.3757440476190476,0.329,0.141,0.376,0.16,0.554,0.319,0.348,0.381,0.884,0.505
39.83,19.263944625854492,0.29768467475192945,0.30307262569832405,0.2818965517241379,0.28369704749679076,0.4404476418864908,0.3282773564463705,0.4380305602716469,0.44191919191919193,0.7100545596258768,0.359375,0.27,0.217,0.327,0.221,0.551,0.303,0.258,0.35,0.911,0.575
39.05,19.944449186325073,0.29932735426008966,0.25076142131979695,0.2767102229054573,0.2761087267525036,0.47527749747729564,0.320962888665998,0.3778501628664495,0.4157142857142857,0.7545219638242894,0.39320029563932,0.267,0.247,0.36,0.193,0.471,0.32,0.348,0.291,0.876,0.532
39.34,19.12037181854248,0.2907801418439716,0.2679738562091503,0.3052516411378556,0.301460823373174,0.4374482187241094,0.2993966817496229,0.38372093023255816,0.4570063694267516,0.7407094594594594,0.3790322580645161,0.246,0.246,0.279,0.227,0.528,0.397,0.33,0.287,0.877,0.517
39.32,19.455089449882507,0.2956326987681971,0.2514910536779324,0.2895419187554019,0.3133159268929504,0.45778145695364236,0.29181752353367124,0.34849863512283896,0.4403444034440344,0.8148893360160966,0.424953095684803,0.264,0.253,0.335,0.12,0.553,0.403,0.383,0.358,0.81,0.453
39.54,18.572513222694397,0.2983751846381093,0.24172856178257934,0.2991533396048918,0.308529945553539,0.45904761904761904,0.30549110595514306,0.4575971731448763,0.4120707596253902,0.7707404103479036,0.412287793047696,0.202,0.358,0.318,0.17,0.482,0.395,0.259,0.396,0.864,0.51
39.34,19.8854638338089,0.27870036101083034,0.25400213447171827,0.2992036405005688,0.2857142857142857,0.437984496124031,0.3377049180327869,0.36761710794297353,0.4858156028368794,0.8009345794392523,0.3674736188702669,0.386,0.238,0.263,0.192,0.565,0.206,0.361,0.274,0.857,0.592
39.5,18.823643565177917,0.29871977240398295,0.3003048780487805,0.28177641653905056,0.26255506607929513,0.46072374227714036,0.2907142857142857,0.38976377952755903,0.4789391575663027,0.783710407239819,0.41242450388265744,0.21,0.197,0.368,0.298,0.522,0.407,0.297,0.307,0.866,0.478
