74.53,6.917611122131348,0.6935215946843853,1.0,0.7025527192008879,0.5319537431527693,0.6145662847790507,0.8767258382642998,0.5619223659889094,0.8553398058252427,0.9325153374233128,0.9092682926829269,0.835,0.442,0.633,0.874,0.751,0.889,0.304,0.881,0.912,0.932
80.52,5.480255305767059,0.7454379562043796,0.9988304093567252,0.713697219361483,0.7383966244725738,0.6205049732211171,0.9133064516129032,0.6102941176470589,0.8944099378881988,0.9391217564870259,0.8863216266173752,0.817,0.854,0.693,0.875,0.811,0.906,0.332,0.864,0.941,0.959
74.23,6.301533460617065,0.8292410714285714,1.0,0.8106796116504854,0.697226502311248,0.7211449676823638,0.9114533205004812,0.5676728334956183,0.9019019019019019,0.9241245136186771,0.520066889632107,0.743,0.012,0.668,0.905,0.781,0.947,0.583,0.901,0.95,0.933
83.54,4.625938147306442,0.8516355140186916,0.9988864142538976,0.8314465408805032,0.7677029360967185,0.7275334608030593,0.9267578125,0.5525451559934319,0.9250780437044746,0.9433962264150944,0.9218900675024108,0.729,0.897,0.661,0.889,0.761,0.949,0.673,0.889,0.95,0.956
75.41,6.888088047504425,0.782851817334576,nan,0.8640522875816994,0.8233046800382043,0.7228163992869875,0.9305962854349951,0.5795880149812734,0.939978563772776,0.9481037924151696,0.4926283680732079,0.84,0.0,0.661,0.862,0.811,0.952,0.619,0.877,0.95,0.969
84.36,4.639803469181061,0.8049019607843138,1.0,0.769825918762089,0.8132474701011959,0.7474275023386342,0.9696016771488469,0.6786570743405276,0.8928571428571429,0.937984496124031,0.8401785714285714,0.821,0.786,0.796,0.884,0.799,0.925,0.566,0.95,0.968,0.941
85.88,3.988274425268173,0.7988505747126436,0.9946581196581197,0.7676864244741873,0.8342857142857143,0.7545717035611165,0.9590583418628454,0.6709302325581395,0.9113060428849903,0.947680157946693,0.9425173439048563,0.834,0.931,0.803,0.876,0.784,0.937,0.577,0.935,0.96,0.951
86.03,4.252417802810669,0.7644521138912856,0.9989023051591658,0.7866273352999017,0.8481012658227848,0.7125,0.9759414225941423,0.7426810477657936,0.9119922630560928,0.951819075712881,0.9271844660194175,0.886,0.91,0.8,0.871,0.855,0.933,0.482,0.943,0.968,0.955
86.34,3.9172389805316925,0.7695004382120947,0.9989189189189189,0.8101659751037344,0.8294501397949674,0.7385964912280701,0.9393346379647749,0.711436170212766,0.9307535641547862,0.9665653495440729,0.9428007889546351,0.878,0.924,0.781,0.89,0.842,0.96,0.535,0.914,0.954,0.956
77.27,5.623229622840881,0.7966728280961183,1.0,0.8348115299334812,0.8358348968105066,0.7185929648241206,0.9700413223140496,0.7047738693467337,0.9178885630498533,0.9534653465346534,0.4897750511247444,0.862,0.003,0.753,0.891,0.858,0.939,0.561,0.939,0.963,0.958
86.98,3.7104076743125916,0.8229571984435797,0.9967914438502674,0.7710843373493976,0.8481012658227848,0.7729044834307992,0.970164609053498,0.697752808988764,0.9187866927592955,0.9583333333333334,0.9427443237907206,0.846,0.932,0.832,0.871,0.793,0.943,0.621,0.939,0.966,0.955
79.25,4.712837874889374,0.8384146341463414,1.0,0.7682363804247461,0.8083778966131907,0.7383928571428572,0.9326923076923077,0.7493150684931507,0.9364754098360656,0.9462890625,0.5477011494252874,0.825,0.181,0.832,0.907,0.827,0.97,0.547,0.914,0.969,0.953
82.57,4.374044328927994,0.8680947012401353,1.0,0.8336956521739131,0.8211009174311926,0.7718960538979788,0.9730848861283644,0.6305903398926654,0.919921875,0.9548577036310107,0.6689944134078212,0.77,0.505,0.767,0.895,0.802,0.94,0.705,0.942,0.973,0.958
78.11,5.575732707977295,0.847265221878225,nan,0.777260018639329,0.8516003879728419,0.7716165413533834,0.9664634146341463,0.6976998904709748,0.9359359359359359,0.9621890547263682,0.4928644240570846,0.821,0.0,0.834,0.878,0.821,0.951,0.637,0.935,0.967,0.967
87.79,3.542893886566162,0.8326771653543307,0.9947368421052631,0.784037558685446,0.8711595639246779,0.7664504170528267,0.9693877551020408,0.727803738317757,0.9024163568773235,0.9595261599210266,0.9738493723849372,0.846,0.945,0.835,0.879,0.827,0.95,0.623,0.971,0.972,0.931
80.2,4.556748151779175,0.7782646801051709,1.0,0.7457912457912458,0.8281818181818181,0.8148148148148148,0.9646107178968655,0.7826725403817915,0.9227005870841487,0.9538310412573674,0.5586854460093896,0.888,0.212,0.886,0.911,0.77,0.954,0.533,0.943,0.971,0.952
87.32,3.737287849187851,0.8385155466399198,1.0,0.8365384615384616,0.8293577981651377,0.805672268907563,0.980269989615784,0.6548507462686567,0.9230769230769231,0.9512195121951219,0.9364613880742912,0.836,0.915,0.783,0.904,0.767,0.944,0.702,0.948,0.975,0.958
87.63,3.5796876549720764,0.8044280442804428,0.9978700745473909,0.7760511882998172,0.8612997090203686,0.7587155963302752,0.9705583756345177,0.76775956284153,0.929064039408867,0.953921568627451,0.9465346534653465,0.872,0.937,0.849,0.888,0.827,0.956,0.562,0.943,0.973,0.956
87.66,3.4940973222255707,0.8005514705882353,0.9978586723768736,0.8208032955715757,0.8534233365477338,0.754601226993865,0.9763860369609856,0.7386934673366834,0.9040074557315937,0.9522417153996101,0.9729166666666667,0.871,0.932,0.797,0.885,0.861,0.951,0.588,0.97,0.977,0.934
78.53,7.23162305355072,0.8359840954274353,nan,0.7607361963190185,0.8667315175097277,0.8108108108108109,0.967644084934277,0.72480181200453,0.9142857142857143,0.9624876604146101,0.4880705394190871,0.841,0.0,0.868,0.891,0.78,0.957,0.64,0.96,0.975,0.941
87.93,3.468799740076065,0.7927927927927928,0.9978655282817502,0.8479657387580299,0.8597678916827853,0.798810703666997,0.9734422880490297,0.6959745762711864,0.9258536585365854,0.957801766437684,0.9474727452923687,0.88,0.935,0.792,0.889,0.806,0.953,0.657,0.949,0.976,0.956
87.73,3.539548307657242,0.8334965719882468,1.0,0.7637655417406749,0.859375,0.8333333333333334,0.9783950617283951,0.6831483350151363,0.9161105815061964,0.9651394422310757,0.9595141700404858,0.851,0.931,0.86,0.88,0.745,0.951,0.677,0.961,0.969,0.948
88.17,3.572118818759918,0.8549382716049383,1.0,0.7908496732026143,0.8504233301975541,0.7906755470980019,0.9744897959183674,0.7201783723522854,0.9348469891411648,0.9662027833001988,0.9385365853658536,0.831,0.922,0.847,0.904,0.831,0.955,0.646,0.947,0.972,0.962
88.29,3.2810621559619904,0.8273520853540253,0.9947478991596639,0.7754919499105546,0.8637236084452975,0.8473625140291807,0.9794661190965093,0.70276008492569,0.9298928919182083,0.9587831207065751,0.9551792828685259,0.853,0.947,0.867,0.9,0.755,0.954,0.662,0.955,0.977,0.959
88.28,3.50766721367836,0.856701030927835,1.0,0.7884084636614536,0.8371454711802379,0.8451977401129943,0.9698795180722891,0.691468253968254,0.9309338521400778,0.9625246548323472,0.961577350859454,0.831,0.93,0.857,0.915,0.748,0.966,0.697,0.957,0.976,0.951
79.4,4.653651118278503,0.831041257367387,1.0,0.8158914728682171,0.8533834586466166,0.7861873226111636,0.9784615384615385,0.7268571428571429,0.9175355450236967,0.9662363455809335,0.5029239766081871,0.846,0.036,0.842,0.908,0.831,0.954,0.636,0.968,0.973,0.946
88.25,3.502380818128586,0.8322082931533269,0.9978563772775991,0.7935909519321395,0.8784584980237155,0.7570422535211268,0.9755102040816327,0.7557251908396947,0.9353574926542605,0.9643564356435643,0.9384765625,0.863,0.931,0.842,0.889,0.86,0.956,0.594,0.955,0.974,0.961
88.53,3.242314785718918,0.8625393494228751,0.9958289885297185,0.7820976491862568,0.8142981691368788,0.8177189409368636,0.9736842105263158,0.7529976019184652,0.9242569511025887,0.9652777777777778,0.9663265306122449,0.822,0.955,0.865,0.934,0.803,0.962,0.628,0.964,0.973,0.947
87.96,3.5192557871341705,0.7919642857142857,1.0,0.8104956268221575,0.8432282003710575,0.7648114901256733,0.9774127310061602,0.7862266857962698,0.9348469891411648,0.9568627450980393,0.9377431906614786,0.887,0.927,0.834,0.909,0.852,0.952,0.548,0.947,0.976,0.964
79.55,4.7182775139808655,0.8480885311871227,1.0,0.8594594594594595,0.8393829401088929,0.7877094972067039,0.9775510204081632,0.7159574468085106,0.9334637964774951,0.9635108481262328,0.4984407484407484,0.843,0.025,0.795,0.925,0.846,0.958,0.673,0.954,0.977,0.959
88.38,3.313081294298172,0.7894736842105263,0.996832101372756,0.7694323144104803,0.8501387604070305,0.8234064785788924,0.9765784114052953,0.7988505747126436,0.9308666017526777,0.9560546875,0.955044955044955,0.9,0.944,0.881,0.919,0.788,0.959,0.556,0.956,0.979,0.956
88.21,3.3911458551883698,0.8673796791443851,0.9989304812834224,0.7480916030534351,0.8321167883211679,0.8005923000987167,0.9786150712830958,0.758830694275274,0.9178470254957507,0.9643564356435643,0.9701030927835051,0.811,0.934,0.882,0.912,0.811,0.961,0.623,0.972,0.974,0.941
88.12,3.508466809988022,0.8116343490304709,0.9977851605758582,0.7716814159292036,0.8822355289421158,0.8220164609053497,0.9691235059760956,0.7410501193317423,0.9327485380116959,0.9635467980295567,0.9230769230769231,0.879,0.901,0.872,0.884,0.799,0.973,0.621,0.957,0.978,0.948
87.81,3.5724041759967804,0.8407960199004975,1.0,0.8200589970501475,0.8438934802571166,0.8057971014492754,0.9747729566094854,0.728587319243604,0.920952380952381,0.9653808110781404,0.8886792452830189,0.845,0.843,0.834,0.919,0.834,0.966,0.655,0.967,0.976,0.942
88.86,3.160158544778824,0.8346228239845261,0.9927461139896373,0.7792672028596962,0.8865671641791045,0.8243105209397344,0.975609756097561,0.7363636363636363,0.9224880382775119,0.9672619047619048,0.9663608562691132,0.863,0.958,0.872,0.891,0.807,0.96,0.648,0.964,0.975,0.948
79.6,6.491329550743103,0.8134191176470589,nan,0.8305418719211822,0.8757281553398059,0.8143418467583498,0.969061876247505,0.734624145785877,0.9523809523809523,0.9692460317460317,0.49037487335359675,0.885,0.0,0.843,0.902,0.829,0.971,0.645,0.94,0.977,0.968
88.95,3.1226233541965485,0.8230256898192198,0.9968553459119497,0.8101503759398496,0.8665395614871306,0.8197381671701913,0.9766260162601627,0.7393310265282583,0.9302325581395349,0.9654150197628458,0.9607645875251509,0.865,0.951,0.862,0.909,0.814,0.961,0.641,0.96,0.977,0.955
79.13,6.124958574771881,0.8134328358208955,nan,0.75809199318569,0.8566108007448789,0.8751500600240096,0.9655850540806293,0.734717416378316,0.9461615154536391,0.9625984251968503,0.49176954732510286,0.872,0.0,0.89,0.92,0.729,0.982,0.637,0.949,0.978,0.956
88.69,3.351231962442398,0.8463855421686747,0.9989224137931034,0.7695652173913043,0.8609022556390977,0.8455640744797371,0.9776649746192894,0.7394209354120267,0.9247619047619048,0.9607072691552063,0.9519038076152304,0.843,0.927,0.885,0.916,0.772,0.963,0.664,0.971,0.978,0.95
89.03,3.250030219554901,0.8047016274864376,0.9989406779661016,0.826171875,0.8681948424068768,0.8117760617760618,0.9785276073619632,0.7669543773119606,0.9317738791423001,0.9635467980295567,0.9486673247778875,0.89,0.943,0.846,0.909,0.841,0.957,0.622,0.956,0.978,0.961
89.11,3.127218782901764,0.807832422586521,0.9968782518210197,0.788235294117647,0.8851815505397449,0.8294416243654822,0.9738693467336683,0.7672090112640801,0.9428007889546351,0.9588638589618022,0.9561316051844466,0.887,0.958,0.871,0.902,0.817,0.969,0.613,0.956,0.979,0.959
89.36,3.0753113329410553,0.8326923076923077,0.9937823834196892,0.8272816486751717,0.8903290129611167,0.8074712643678161,0.9710867397806581,0.7345814977973568,0.9454365079365079,0.9683168316831683,0.96,0.866,0.959,0.843,0.893,0.843,0.974,0.667,0.953,0.978,0.96
79.89,5.742868661880493,0.85,nan,0.8391959798994975,0.8630393996247655,0.8333333333333334,0.9747983870967742,0.7101303911735206,0.935546875,0.9759519038076152,0.49228395061728397,0.85,0.0,0.835,0.92,0.82,0.967,0.708,0.958,0.974,0.957
82.9,3.9032804369926453,0.8488488488488488,1.0,0.8375378405650857,0.8838133068520357,0.8389121338912134,0.9719438877755511,0.6751824817518248,0.9253588516746412,0.978894472361809,0.5939470365699874,0.848,0.327,0.83,0.89,0.802,0.97,0.74,0.967,0.974,0.942
81.33,4.048494309186935,0.7991111111111111,1.0,0.8356573705179283,0.8974358974358975,0.7992565055762082,0.9758551307847082,0.754406580493537,0.9392752203721841,0.9702085402184707,0.5337800111669458,0.899,0.156,0.839,0.875,0.86,0.97,0.642,0.959,0.977,0.956
84.44,3.7506648898124695,0.8549540347293156,1.0,0.7871956717763751,0.8821782178217822,0.832482124616956,0.9776876267748479,0.7262277951933125,0.9340446168768186,0.9683168316831683,0.6519073569482289,0.837,0.471,0.873,0.891,0.815,0.964,0.695,0.963,0.978,0.957
88.83,3.348071664571762,0.8096539162112932,0.9989177489177489,0.7800353356890459,0.8617121354656632,0.856353591160221,0.9749247743229689,0.7577937649880095,0.9498997995991983,0.965483234714004,0.9333333333333333,0.889,0.923,0.883,0.916,0.775,0.972,0.632,0.948,0.979,0.966
80.57,4.160170763731003,0.8368725868725869,1.0,0.8109640831758034,0.8792599805258033,0.8234126984126984,0.9747983870967742,0.7411111111111112,0.935609756097561,0.9672943508424182,0.5109567076429716,0.867,0.074,0.858,0.903,0.83,0.967,0.667,0.959,0.976,0.956
89.24,3.206969231367111,0.8396871945259042,0.9989384288747346,0.813510941960038,0.8728323699421965,0.8412863070539419,0.9757575757575757,0.7204188481675393,0.9315992292870906,0.9683168316831683,0.9635995955510617,0.859,0.941,0.855,0.906,0.811,0.966,0.688,0.967,0.978,0.953
89.5,2.9743728041648865,0.820631970260223,0.9938080495356038,0.812617702448211,0.8896551724137931,0.83640081799591,0.9720558882235529,0.7451428571428571,0.9401960784313725,0.9655172413793104,0.9665991902834008,0.883,0.963,0.863,0.903,0.818,0.974,0.652,0.959,0.98,0.955
89.47,3.113242506980896,0.8478260869565217,0.9979144942648592,0.8302073050345509,0.8912386706948641,0.808206106870229,0.9758551307847082,0.7302423603793466,0.9463753723932473,0.967391304347826,0.9516288252714709,0.858,0.957,0.841,0.885,0.847,0.97,0.693,0.953,0.979,0.964
88.41,3.438070446252823,0.8432908912830558,1.0,0.8040665434380776,0.8669811320754717,0.8611111111111112,0.9816138917262512,0.7226277372262774,0.9350145489815713,0.9645320197044335,0.8775137111517367,0.861,0.859,0.87,0.919,0.775,0.961,0.693,0.964,0.979,0.96
89.58,3.091355085372925,0.8460019743336624,0.9968717413972888,0.8439073514602216,0.8702651515151515,0.8211143695014663,0.9749498997995992,0.7354211663066955,0.9315332690453231,0.9627085377821394,0.9702868852459017,0.857,0.956,0.838,0.919,0.84,0.973,0.681,0.966,0.981,0.947
89.12,3.2850130200386047,0.8505050505050505,0.9989177489177489,0.8195777351247601,0.8578066914498141,0.8404588112617309,0.9769307923771314,0.7240293809024134,0.9484638255698712,0.9626352015732547,0.9332042594385286,0.842,0.923,0.854,0.923,0.806,0.974,0.69,0.957,0.979,0.964
89.08,3.295789986848831,0.7978817299205648,0.9989200863930886,0.8289345063538612,0.8776699029126214,0.8172147001934236,0.9826175869120655,0.7635467980295566,0.9299424184261037,0.9711729622266402,0.9399606299212598,0.904,0.925,0.848,0.904,0.845,0.961,0.62,0.969,0.977,0.955
89.25,3.173314332962036,0.8447937131630648,0.9989429175475687,0.7892824704813806,0.8709055876685935,0.8254764292878636,0.9788306451612904,0.7505720823798627,0.9395121951219512,0.967391304347826,0.9578736208625878,0.86,0.945,0.869,0.904,0.823,0.971,0.656,0.963,0.979,0.955
88.47,3.3555347323417664,0.8561076604554866,0.9988518943742825,0.8323412698412699,0.8649425287356322,0.8185365853658536,0.9778225806451613,0.7106598984771574,0.9379243452958292,0.9731075697211156,0.8891992551210428,0.827,0.87,0.839,0.903,0.839,0.97,0.7,0.967,0.977,0.955
89.63,2.9482200741767883,0.8423645320197044,0.9948293691830403,0.8435923309788093,0.8763388510223953,0.8154875717017208,0.9693372898120672,0.731629392971246,0.9456521739130435,0.972139303482587,0.9685916919959473,0.855,0.962,0.836,0.9,0.853,0.98,0.687,0.957,0.977,0.956
89.5,3.1447548866271973,0.8410206084396468,0.9989539748953975,0.8336614173228346,0.8827586206896552,0.8321678321678322,0.9759519038076152,0.7184265010351967,0.9351403678606002,0.967391304347826,0.9644308943089431,0.857,0.955,0.847,0.896,0.833,0.974,0.694,0.966,0.979,0.949
89.71,2.98807156085968,0.8432908912830558,0.9958549222797928,0.8405940594059406,0.8801571709233792,0.818973862536302,0.9789156626506024,0.7334047109207709,0.9405458089668616,0.9683481701285855,0.9675456389452333,0.861,0.961,0.849,0.896,0.846,0.975,0.685,0.965,0.979,0.954
80.82,4.183937817811966,0.8252336448598131,1.0,0.8351324828263003,0.8806262230919765,0.8229571984435797,0.9760479041916168,0.752262443438914,0.9477317554240631,0.9702675916749257,0.5071315372424723,0.883,0.059,0.851,0.9,0.846,0.978,0.665,0.961,0.979,0.96
89.68,3.043352961540222,0.8489065606361829,0.9968847352024922,0.8246628131021194,0.8725868725868726,0.825098814229249,0.977022977022977,0.7368421052631579,0.9422700587084148,0.9721669980119284,0.9685279187817258,0.854,0.96,0.856,0.904,0.835,0.978,0.686,0.963,0.978,0.954
89.09,3.3023444414138794,0.8304924242424242,0.9988925802879292,0.8188751191611058,0.8753623188405797,0.8220918866080157,0.9777777777777777,0.7615740740740741,0.9333976833976834,0.9731343283582089,0.917228103946102,0.877,0.902,0.859,0.906,0.841,0.968,0.658,0.967,0.978,0.953
87.34,3.469852954149246,0.8633993743482794,0.9986357435197817,0.8665955176093917,0.880039331366765,0.8216007714561234,0.9760479041916168,0.6899441340782123,0.9449360865290068,0.9692765113974232,0.7876543209876543,0.828,0.732,0.812,0.895,0.852,0.978,0.741,0.961,0.978,0.957
89.11,3.3013889491558075,0.8504486540378864,0.9989023051591658,0.8391959798994975,0.8908908908908909,0.8011152416356877,0.978744939271255,0.7308096740273397,0.9341723136495643,0.9712301587301587,0.9218146718146718,0.853,0.91,0.835,0.89,0.862,0.967,0.695,0.965,0.979,0.955
89.61,3.158219814300537,0.8355640535372849,0.9989473684210526,0.8254122211445198,0.8820662768031189,0.8313253012048193,0.9788519637462235,0.7383783783783784,0.938715953307393,0.9721946375372393,0.9569138276553106,0.874,0.949,0.851,0.905,0.828,0.972,0.683,0.965,0.979,0.955
84.36,3.664851427078247,0.8147465437788018,1.0,0.7900452488687782,0.8770413064361191,0.8410732714138287,0.9817629179331308,0.7630619684082625,0.950950950950951,0.9683794466403162,0.6360655737704918,0.884,0.454,0.873,0.913,0.815,0.969,0.628,0.95,0.98,0.97
89.72,3.0912755131721497,0.8391472868217055,0.9989561586638831,0.831858407079646,0.8766859344894027,0.8301886792452831,0.9798387096774194,0.7379162191192267,0.9378640776699029,0.9721669980119284,0.9646107178968655,0.866,0.957,0.846,0.91,0.836,0.972,0.687,0.966,0.978,0.954
88.25,3.3807236552238464,0.8470705064548163,0.9987834549878345,0.8161904761904762,0.8702290076335878,0.8424304840370752,0.978894472361809,0.7289915966386554,0.9422135161606269,0.9731075697211156,0.8469026548672567,0.853,0.821,0.857,0.912,0.818,0.974,0.694,0.962,0.977,0.957
86.96,3.462203413248062,0.8546922300706358,0.9985401459854014,0.8292682926829268,0.8803501945525292,0.8227228207639569,0.9788519637462235,0.7306889352818372,0.9369544131910766,0.9712301587301587,0.7563492063492063,0.847,0.684,0.85,0.905,0.84,0.972,0.7,0.966,0.979,0.953
89.68,3.053098142147064,0.8354186717998076,0.997920997920998,0.8238141335914811,0.8825831702544031,0.8350100603621731,0.9789156626506024,0.7378114842903575,0.9388349514563107,0.9655511811023622,0.9675126903553299,0.868,0.96,0.851,0.902,0.83,0.975,0.681,0.967,0.981,0.953
81.17,3.959501475095749,0.8244131455399061,1.0,0.8259187620889749,0.8741594620557157,0.8305084745762712,0.9798590130916415,0.7514318442153494,0.9422135161606269,0.967391304347826,0.5200433369447454,0.878,0.112,0.854,0.91,0.833,0.973,0.656,0.962,0.979,0.96
89.65,3.1780494153499603,0.8312678741658722,0.9989462592202318,0.823076923076923,0.8761996161228407,0.8371859296482412,0.9789368104312939,0.749438202247191,0.9397473275024295,0.9674234945705824,0.9568273092369478,0.872,0.948,0.856,0.913,0.833,0.976,0.667,0.967,0.98,0.953
89.75,2.976323515176773,0.8444227005870841,0.994824016563147,0.8238691049085659,0.8826979472140762,0.8361981799797775,0.978021978021978,0.7317073170731707,0.9387755102040817,0.9712586719524281,0.9703779366700716,0.863,0.961,0.856,0.903,0.827,0.979,0.69,0.966,0.98,0.95
80.15,4.785357087850571,0.8266166822867854,1.0,0.8072965388213283,0.8837890625,0.8518518518518519,0.978894472361809,0.7369565217391304,0.9361702127659575,0.9731876861966237,0.4924831518921721,0.882,0.01,0.863,0.905,0.805,0.974,0.678,0.968,0.98,0.95
88.04,3.3891661167144775,0.8365570599613152,0.9987405541561712,0.8252895752895753,0.8798449612403101,0.8343313373253493,0.9789368104312939,0.7393209200438116,0.936108422071636,0.9674234945705824,0.8280977312390925,0.865,0.793,0.855,0.908,0.836,0.976,0.675,0.967,0.98,0.949
89.24,3.2707808315753937,0.838150289017341,0.9977851605758582,0.8348082595870207,0.8794599807135969,0.8343313373253493,0.9779338014042126,0.7388949079089924,0.94140625,0.9712586719524281,0.9095238095238095,0.87,0.901,0.849,0.912,0.836,0.975,0.682,0.964,0.98,0.955
88.32,3.363581418991089,0.8158379373848987,0.9987789987789988,0.8334965719882468,0.8795761078998073,0.8397565922920892,0.9828109201213346,0.7452085682074409,0.937137330754352,0.9712586719524281,0.843501326259947,0.886,0.818,0.851,0.913,0.828,0.972,0.661,0.969,0.98,0.954
89.27,3.2570513486862183,0.8341323106423778,0.9977900552486187,0.8386138613861386,0.8783783783783784,0.8366733466933868,0.9808853118712274,0.7357679914070892,0.9433040078201369,0.9712586719524281,0.9105613701236918,0.87,0.903,0.847,0.91,0.835,0.975,0.685,0.965,0.98,0.957
89.79,2.9927359223365784,0.8383349467570184,0.9968879668049793,0.8371174728529122,0.882295719844358,0.8320079522862823,0.9789156626506024,0.7326943556975506,0.938715953307393,0.9721946375372393,0.9665314401622718,0.866,0.961,0.848,0.907,0.837,0.975,0.688,0.965,0.979,0.953
89.77,3.0301667153835297,0.8293838862559242,0.9968814968814969,0.8269230769230769,0.8792270531400966,0.835,0.9798994974874372,0.7466367713004485,0.9413489736070382,0.9731343283582089,0.9627391742195368,0.875,0.959,0.86,0.91,0.835,0.975,0.666,0.963,0.978,0.956
80.29,4.9130518436431885,0.8396135265700483,1.0,0.8399209486166008,0.8893280632411067,0.8333333333333334,0.9817629179331308,0.7329787234042553,0.936108422071636,0.9702675916749257,0.48950332821300563,0.869,0.005,0.85,0.9,0.845,0.969,0.689,0.967,0.979,0.956
85.18,3.53005313873291,0.8420533070088845,0.9980353634577603,0.8312195121951219,0.8740384615384615,0.8361809045226131,0.9798792756539235,0.729957805907173,0.9404878048780487,0.9693069306930693,0.6627342123525329,0.853,0.508,0.852,0.909,0.832,0.974,0.692,0.964,0.979,0.955
89.75,3.081274539232254,0.8365570599613152,0.997907949790795,0.8491902834008097,0.8814382896015549,0.8388388388388388,0.9808660624370594,0.7221074380165289,0.936231884057971,0.9702675916749257,0.961577350859454,0.865,0.954,0.839,0.907,0.838,0.974,0.699,0.969,0.979,0.951
89.78,3.045045882463455,0.8357348703170029,0.996875,0.8474747474747475,0.881207400194742,0.8269794721407625,0.9798792756539235,0.7337593184238551,0.9387755102040817,0.9721946375372393,0.9626262626262626,0.87,0.957,0.839,0.905,0.846,0.974,0.689,0.966,0.979,0.953
87.43,3.396973878145218,0.830028328611898,0.9986091794158554,0.8382642998027613,0.8827519379844961,0.8373493975903614,0.9808274470232089,0.7388465723612623,0.9404878048780487,0.9721946375372393,0.7730210016155089,0.879,0.718,0.85,0.911,0.834,0.972,0.679,0.964,0.979,0.957
89.86,2.9741004407405853,0.8360343183984748,0.9968879668049793,0.8323586744639376,0.8805825242718447,0.847265221878225,0.9808274470232089,0.7341101694915254,0.9378640776699029,0.9712586719524281,0.9665991902834008,0.877,0.961,0.854,0.907,0.821,0.972,0.693,0.966,0.98,0.955
89.93,2.987503319978714,0.8294283036551078,0.9968847352024922,0.8487903225806451,0.8833819241982507,0.8326732673267326,0.9808467741935484,0.7391774891774892,0.9396299902629016,0.9741293532338309,0.9646821392532795,0.885,0.96,0.842,0.909,0.841,0.973,0.683,0.965,0.979,0.956
89.57,3.1830820739269257,0.8411934552454283,0.9978448275862069,0.8431568431568431,0.8824101068999028,0.840080971659919,0.9808080808080808,0.7289719626168224,0.9405458089668616,0.9721946375372393,0.9310009718172984,0.874,0.926,0.844,0.908,0.83,0.971,0.702,0.965,0.979,0.958
89.81,3.117461711168289,0.8395773294908742,0.9978902953586498,0.8381046396841066,0.8824101068999028,0.8354935194416749,0.9808660624370594,0.7398286937901499,0.9414634146341463,0.9712301587301587,0.9512922465208747,0.874,0.946,0.849,0.908,0.838,0.974,0.691,0.965,0.979,0.957
80.33,5.140856295824051,0.8320683111954459,nan,0.841897233201581,0.8784956605593057,0.8341559723593287,0.9817629179331308,0.7497219132369299,0.9423264907135875,0.9721946375372393,0.4888211382113821,0.877,0.0,0.852,0.911,0.845,0.969,0.674,0.964,0.979,0.962
89.71,3.1392862796783447,0.836676217765043,0.9989327641408752,0.8458458458458459,0.8769230769230769,0.8298918387413963,0.9798792756539235,0.7434782608695653,0.9396887159533074,0.9721946375372393,0.9446092977250248,0.876,0.936,0.845,0.912,0.844,0.974,0.684,0.966,0.979,0.955
89.22,3.251002699136734,0.8501984126984127,0.9988726042841037,0.8477822580645161,0.8821811100292113,0.8285994123408423,0.9799398194583752,0.7261538461538461,0.9450980392156862,0.9721946375372393,0.8986866791744841,0.857,0.886,0.841,0.906,0.846,0.977,0.708,0.964,0.979,0.958
89.87,2.9268418550491333,0.8466076696165191,0.994824016563147,0.844,0.8825831702544031,0.8268101761252447,0.9789368104312939,0.7311715481171548,0.9423264907135875,0.9712301587301587,0.9666329625884732,0.861,0.961,0.844,0.902,0.845,0.976,0.699,0.964,0.979,0.956
84.16,3.5813100039958954,0.8400770712909441,0.9973684210526316,0.8415841584158416,0.8820662768031189,0.8265107212475633,0.9818365287588294,0.7470010905125409,0.9450441609421001,0.9721946375372393,0.6065573770491803,0.872,0.379,0.85,0.905,0.848,0.973,0.685,0.963,0.979,0.962
89.92,2.959631234407425,0.8447265625,0.9968879668049793,0.8399209486166008,0.8814382896015549,0.8331678252234359,0.978,0.7334035827186512,0.9414634146341463,0.9731610337972167,0.967479674796748,0.865,0.961,0.85,0.907,0.839,0.978,0.696,0.965,0.979,0.952
81.22,3.9572013914585114,0.8400770712909441,1.0,0.8278846153846153,0.8784956605593057,0.8361809045226131,0.9818365287588294,0.751101321585903,0.9451518119490695,0.9721946375372393,0.5122470713525027,0.872,0.085,0.861,0.911,0.832,0.973,0.682,0.965,0.979,0.962
89.42,3.2146126329898834,0.8447265625,0.9978189749182116,0.8231357552581262,0.8806983511154219,0.8377281947261663,0.9799196787148594,0.7384780278670954,0.9442270058708415,0.9721946375372393,0.9229287090558767,0.865,0.915,0.861,0.908,0.826,0.976,0.689,0.965,0.979,0.958
89.6,3.153172641992569,0.8376560999039385,0.9989270386266095,0.8382352941176471,0.8764478764478765,0.8315163528245788,0.9779116465863453,0.7445652173913043,0.9378036929057337,0.9741293532338309,0.9407114624505929,0.872,0.931,0.855,0.908,0.839,0.974,0.685,0.965,0.979,0.952
89.78,3.0615711212158203,0.8454011741682974,0.9979057591623036,0.8336614173228346,0.8858536585365854,0.8385786802030457,0.977022977022977,0.7260556127703398,0.9405458089668616,0.9722222222222222,0.9606458123107972,0.864,0.953,0.847,0.908,0.826,0.978,0.705,0.965,0.98,0.952
83.03,3.662202537059784,0.8353948620361561,1.0,0.8370731707317073,0.8815533980582524,0.8338308457711443,0.9798792756539235,0.7486278814489572,0.938715953307393,0.9721946375372393,0.5671819262782402,0.878,0.267,0.858,0.908,0.838,0.974,0.682,0.965,0.979,0.954
87.35,3.3932949900627136,0.8328584995251662,0.9986013986013986,0.8333333333333334,0.8788759689922481,0.8370445344129555,0.9808467741935484,0.7378114842903575,0.9379243452958292,0.9722222222222222,0.7743506493506493,0.877,0.714,0.855,0.907,0.827,0.973,0.681,0.967,0.98,0.954
89.66,3.1634042263031006,0.8352380952380952,0.9989281886387996,0.844689378757515,0.8809293320425944,0.8363273453093812,0.9799196787148594,0.736392742796158,0.9397473275024295,0.9722222222222222,0.9398422090729783,0.877,0.932,0.843,0.91,0.838,0.976,0.69,0.967,0.98,0.953
88.92,3.288602203130722,0.8392344497607656,0.9988235294117647,0.8461538461538461,0.8824101068999028,0.8359840954274353,0.9808853118712274,0.7375132837407014,0.9406614785992218,0.9721946375372393,0.8689717925386715,0.877,0.849,0.847,0.908,0.841,0.975,0.694,0.967,0.979,0.955
86.99,3.4123379588127136,0.8395773294908742,0.9984917043740573,0.845691382765531,0.8848780487804878,0.8393574297188755,0.9799196787148594,0.7288842544316997,0.9406614785992218,0.9722222222222222,0.7418351477449455,0.874,0.662,0.844,0.907,0.836,0.976,0.699,0.967,0.98,0.954
89.07,3.267547130584717,0.840537944284342,0.9976931949250288,0.8463855421686747,0.8864970645792564,0.8384845463609173,0.9770687936191426,0.7322175732217573,0.9414634146341463,0.9722222222222222,0.8822984244670992,0.875,0.865,0.843,0.906,0.841,0.98,0.7,0.965,0.98,0.952
89.44,3.223423957824707,0.8402309913378249,0.998898678414097,0.8463855421686747,0.8873653281096964,0.835820895522388,0.977022977022977,0.7299270072992701,0.9423264907135875,0.9721946375372393,0.9164265129682997,0.873,0.907,0.843,0.906,0.84,0.978,0.7,0.964,0.979,0.954
89.96,3.007828652858734,0.8334910122989593,0.996875,0.8395669291338582,0.8841285296981499,0.8436548223350254,0.9770459081836327,0.7387580299785867,0.94140625,0.974180734856008,0.9635627530364372,0.881,0.957,0.853,0.908,0.831,0.979,0.69,0.964,0.981,0.952
89.26,3.2573486268520355,0.8387404580152672,0.9977298524404086,0.8347910592808552,0.8860759493670886,0.8497409326424871,0.978021978021978,0.7383966244725738,0.9432485322896281,0.9732142857142857,0.8916900093370682,0.879,0.879,0.859,0.91,0.82,0.979,0.7,0.964,0.981,0.955
82.65,3.703500598669052,0.8380952380952381,0.9954337899543378,0.8360975609756097,0.8900883218842002,0.8482051282051282,0.9808853118712274,0.739406779661017,0.9406037000973709,0.9722497522299306,0.5500575373993095,0.88,0.218,0.857,0.907,0.827,0.975,0.698,0.966,0.981,0.956
89.58,3.1695308685302734,0.8341232227488151,0.9978494623655914,0.8237547892720306,0.8868292682926829,0.8455200823892894,0.979,0.738327904451683,0.9424390243902439,0.9722497522299306,0.9352941176470588,0.88,0.928,0.86,0.909,0.821,0.979,0.68,0.966,0.981,0.954
88.5,3.3169892728328705,0.8369876072449952,0.9975369458128078,0.8400789733464955,0.8842412451361867,0.8375125376128385,0.9809428284854563,0.740301724137931,0.943359375,0.9731876861966237,0.8349344978165939,0.878,0.81,0.851,0.909,0.835,0.978,0.687,0.966,0.98,0.956
89.35,3.228532701730728,0.8338081671415005,0.9977851605758582,0.8359375,0.8832684824902723,0.8364905284147557,0.9789579158316634,0.7453142227122381,0.9423828125,0.9722222222222222,0.9077946768060836,0.878,0.901,0.856,0.908,0.839,0.977,0.676,0.965,0.98,0.955
89.05,3.2850361466407776,0.8436293436293436,0.9988276670574443,0.8427299703264095,0.8859649122807017,0.8381618381618382,0.9809045226130654,0.7430997876857749,0.9424390243902439,0.9722222222222222,0.8676337262012692,0.874,0.852,0.852,0.909,0.839,0.976,0.7,0.966,0.98,0.957
89.78,3.15144082903862,0.8444444444444444,0.9989293361884368,0.8439363817097415,0.8825242718446602,0.8388388388388388,0.9808274470232089,0.7389473684210527,0.9396299902629016,0.9722222222222222,0.9372549019607843,0.874,0.933,0.849,0.909,0.838,0.972,0.702,0.965,0.98,0.956
87.46,3.378164917230606,0.8420542635658915,0.998587570621469,0.8380765456329735,0.8809293320425944,0.835820895522388,0.9818365287588294,0.7438105489773951,0.9415204678362573,0.9721946375372393,0.7656,0.869,0.707,0.854,0.91,0.84,0.973,0.691,0.966,0.979,0.957
84.24,3.578819215297699,0.8376313276026743,0.9973684210526316,0.8392156862745098,0.88671875,0.8333333333333334,0.9818181818181818,0.7497255762897914,0.9406037000973709,0.9721946375372393,0.6069620253164557,0.877,0.379,0.856,0.908,0.845,0.972,0.683,0.966,0.979,0.959
81.48,3.862232655286789,0.8445092322643343,0.9904761904761905,0.8412228796844181,0.8814382896015549,0.8353174603174603,0.9828109201213346,0.7433155080213903,0.9415204678362573,0.9722222222222222,0.5169628432956381,0.869,0.104,0.853,0.907,0.842,0.972,0.695,0.966,0.98,0.96
82.69,3.6880926191806793,0.8455522971652004,0.9956331877729258,0.844776119402985,0.8864970645792564,0.8323471400394478,0.9817997977755308,0.7378947368421053,0.9406037000973709,0.9722222222222222,0.5533756491633006,0.865,0.228,0.849,0.906,0.844,0.971,0.701,0.966,0.98,0.959
87.56,3.378930985927582,0.8475909537856441,0.99860529986053,0.8364348677766895,0.8848780487804878,0.835,0.9808660624370594,0.7381703470031545,0.9406614785992218,0.9722497522299306,0.7732041969330105,0.862,0.716,0.854,0.907,0.835,0.974,0.702,0.967,0.981,0.958
83.79,3.6026174128055573,0.8444227005870841,0.9970845481049563,0.8392156862745098,0.8840155945419104,0.8333333333333334,0.9808467741935484,0.739084132055378,0.9405458089668616,0.9722222222222222,0.593440594059406,0.863,0.342,0.856,0.907,0.84,0.973,0.694,0.965,0.98,0.959
84.24,3.580166220664978,0.8419010669253152,0.9974293059125964,0.8318756073858115,0.8837209302325582,0.8385469223007064,0.9808467741935484,0.7422126745435016,0.9414634146341463,0.9722497522299306,0.6104392106938256,0.868,0.388,0.856,0.912,0.831,0.973,0.691,0.965,0.981,0.959
89.36,3.225011020898819,0.8445092322643343,0.9988888888888889,0.8370951913640824,0.8794599807135969,0.8346613545816733,0.9798792756539235,0.7448869752421959,0.9379243452958292,0.9721946375372393,0.9076190476190477,0.869,0.899,0.853,0.912,0.838,0.974,0.692,0.967,0.979,0.953
88.14,3.3433347642421722,0.8383060635226179,0.9987046632124352,0.8420533070088845,0.8789625360230547,0.8353174603174603,0.9808467741935484,0.7478165938864629,0.9406614785992218,0.9721946375372393,0.8091216216216216,0.871,0.771,0.853,0.915,0.842,0.973,0.685,0.967,0.979,0.958
88.24,3.336716413497925,0.8420542635658915,0.9987261146496815,0.8432539682539683,0.8778846153846154,0.8351539225422046,0.9798590130916415,0.7430107526881721,0.9406614785992218,0.9721946375372393,0.8179487179487179,0.869,0.784,0.85,0.913,0.841,0.973,0.691,0.967,0.979,0.957
83.73,3.6007834374904633,0.8397683397683398,0.9970149253731343,0.8434093161546086,0.8787295476419634,0.8366533864541833,0.9808274470232089,0.7443365695792881,0.9414634146341463,0.9721946375372393,0.5894283958205285,0.87,0.334,0.851,0.913,0.84,0.972,0.69,0.965,0.979,0.959
87.93,3.3574638664722443,0.8402309913378249,0.998661311914324,0.8425742574257425,0.8852140077821011,0.8363095238095238,0.9808660624370594,0.7430107526881721,0.9406614785992218,0.9722222222222222,0.7923904052936311,0.873,0.746,0.851,0.91,0.843,0.974,0.691,0.967,0.98,0.958
82.0,3.777946352958679,0.8445092322643343,0.9934640522875817,0.8437190900098912,0.8848780487804878,0.8344895936570862,0.9808660624370594,0.7436170212765958,0.9423828125,0.9721946375372393,0.5306799336650083,0.869,0.152,0.853,0.907,0.842,0.974,0.699,0.965,0.979,0.96
82.33,3.730646401643753,0.840887174541948,0.9947089947089947,0.8456175298804781,0.8851022395326192,0.8338278931750742,0.9808660624370594,0.7422459893048128,0.9423828125,0.9721946375372393,0.5414551607445008,0.872,0.188,0.849,0.909,0.843,0.974,0.694,0.965,0.979,0.96
81.65,3.8174276649951935,0.8358778625954199,0.9919354838709677,0.846307385229541,0.8842412451361867,0.8330058939096268,0.9808274470232089,0.7453754080522307,0.9414634146341463,0.9721946375372393,0.5223068552774756,0.876,0.123,0.848,0.909,0.848,0.972,0.685,0.965,0.979,0.96
83.32,3.6410592794418335,0.8350810295519543,0.9965397923875432,0.8446215139442231,0.888671875,0.8353174603174603,0.9808660624370594,0.7424568965517241,0.9415204678362573,0.9722222222222222,0.5739078396169958,0.876,0.288,0.848,0.91,0.842,0.974,0.689,0.966,0.98,0.959
86.78,3.4317254424095154,0.8394230769230769,0.9984177215189873,0.8444666001994018,0.8878048780487805,0.8369781312127237,0.978894472361809,0.740701381509033,0.9415204678362573,0.9722222222222222,0.7235649546827795,0.873,0.631,0.847,0.91,0.842,0.974,0.697,0.966,0.98,0.958
87.64,3.3789381980895996,0.8400383141762452,0.9986033519553073,0.845309381237525,0.8869395711500975,0.8386454183266933,0.978894472361809,0.7430703624733476,0.9387755102040817,0.9722497522299306,0.7720291026677445,0.877,0.715,0.847,0.91,0.842,0.974,0.697,0.966,0.981,0.955
87.98,3.3510053753852844,0.8395773294908742,0.9986772486772487,0.8379446640316206,0.8894324853228963,0.8398791540785498,0.9798792756539235,0.7389006342494715,0.9406037000973709,0.9722497522299306,0.7983333333333333,0.874,0.755,0.848,0.909,0.834,0.974,0.699,0.966,0.981,0.958
89.13,3.2545785307884216,0.8395773294908742,0.997716894977169,0.8390918065153011,0.8884540117416829,0.8400402414486922,0.9789156626506024,0.7391304347826086,0.9387755102040817,0.9712871287128713,0.8856877323420075,0.874,0.874,0.85,0.908,0.835,0.975,0.697,0.966,0.981,0.953
88.28,3.339145302772522,0.8410404624277457,0.9987163029525032,0.8439363817097415,0.8876953125,0.8353174603174603,0.9789368104312939,0.7422790202342918,0.943359375,0.9722222222222222,0.8139337298215803,0.873,0.778,0.849,0.909,0.842,0.976,0.697,0.966,0.98,0.958
88.94,3.2886894941329956,0.8418514946962391,0.9988221436984688,0.8421052631578947,0.8876953125,0.8383233532934131,0.9789156626506024,0.7386243386243386,0.9415204678362573,0.9722497522299306,0.865158371040724,0.873,0.848,0.848,0.909,0.84,0.975,0.698,0.966,0.981,0.956
89.4,3.2365022599697113,0.8398849472674976,0.9977603583426652,0.8427860696517413,0.8901960784313725,0.8374875373878365,0.9789368104312939,0.7409766454352441,0.943359375,0.9722497522299306,0.8994360902255639,0.876,0.891,0.847,0.908,0.84,0.976,0.698,0.966,0.981,0.957
82.51,3.7020080983638763,0.8431752178121975,0.9951456310679612,0.844311377245509,0.8875855327468231,0.8384845463609173,0.9798792756539235,0.7392218717139852,0.9423264907135875,0.9722222222222222,0.545816733067729,0.871,0.205,0.846,0.908,0.841,0.974,0.703,0.964,0.98,0.959
82.13,3.748923361301422,0.8389261744966443,0.9940476190476191,0.8434093161546086,0.8884540117416829,0.8376494023904383,0.9798792756539235,0.7422459893048128,0.9423264907135875,0.9722222222222222,0.5345596432552955,0.875,0.167,0.851,0.908,0.841,0.974,0.694,0.964,0.98,0.959
89.22,3.2451978027820587,0.8376313276026743,0.9977324263038548,0.8370951913640824,0.8884540117416829,0.8390342052313883,0.9789156626506024,0.7438105489773951,0.9415204678362573,0.9712871287128713,0.8902325581395348,0.877,0.88,0.853,0.908,0.834,0.975,0.691,0.966,0.981,0.957
84.0,3.5905762314796448,0.8403846153846154,0.9971988795518207,0.8367546432062561,0.8883447600391773,0.8376753507014028,0.9799196787148594,0.7440860215053764,0.9432485322896281,0.9722222222222222,0.5975077881619938,0.874,0.356,0.856,0.907,0.836,0.976,0.692,0.964,0.98,0.959
81.15,3.9217094480991364,0.8374760994263862,0.9864864864864865,0.8428853754940712,0.8892156862745098,0.8344895936570862,0.9798590130916415,0.7435064935064936,0.9423264907135875,0.9722222222222222,0.5076679005817029,0.876,0.073,0.853,0.907,0.842,0.973,0.687,0.964,0.98,0.96
80.92,4.009624511003494,0.836676217765043,0.9814814814814815,0.837573385518591,0.8883447600391773,0.8378378378378378,0.9808274470232089,0.7440347071583514,0.9414634146341463,0.9722222222222222,0.5023547880690737,0.876,0.053,0.856,0.907,0.837,0.972,0.686,0.965,0.98,0.96
80.94,4.006436973810196,0.8365200764818356,0.9818181818181818,0.841897233201581,0.8874755381604696,0.8346534653465346,0.9798590130916415,0.743756786102063,0.9432485322896281,0.9722222222222222,0.5028780743066458,0.875,0.054,0.852,0.907,0.843,0.973,0.685,0.964,0.98,0.961
81.86,3.784350425004959,0.8411934552454283,0.9928571428571429,0.841897233201581,0.8899803536345776,0.8359840954274353,0.9798994974874372,0.7433155080213903,0.9441723800195886,0.9722222222222222,0.5257393209200438,0.874,0.139,0.852,0.906,0.841,0.975,0.695,0.964,0.98,0.96
84.62,3.5468649864196777,0.840887174541948,0.9976303317535545,0.8375984251968503,0.8876953125,0.837,0.9799196787148594,0.7411764705882353,0.9432485322896281,0.9722222222222222,0.6227272727272727,0.872,0.421,0.851,0.909,0.837,0.976,0.693,0.964,0.98,0.959
88.91,3.2858556509017944,0.840887174541948,0.9976470588235294,0.8375984251968503,0.8859649122807017,0.8381909547738694,0.9789368104312939,0.7425531914893617,0.9424390243902439,0.9722222222222222,0.8652802893309223,0.872,0.848,0.851,0.909,0.834,0.976,0.698,0.966,0.98,0.957
89.77,3.1132905781269073,0.8410404624277457,0.9978655282817502,0.8375984251968503,0.8859649122807017,0.8390342052313883,0.978,0.7425531914893617,0.9405458089668616,0.9722497522299306,0.9398422090729783,0.873,0.935,0.851,0.909,0.834,0.978,0.698,0.965,0.981,0.953
89.75,3.1107457280158997,0.8405797101449275,0.997867803837953,0.8356164383561644,0.8868292682926829,0.8387096774193549,0.978021978021978,0.7414893617021276,0.9414634146341463,0.9722222222222222,0.9398422090729783,0.87,0.936,0.854,0.909,0.832,0.979,0.697,0.965,0.98,0.953
89.67,3.168683707714081,0.8415458937198068,0.9978448275862069,0.8364348677766895,0.8860759493670886,0.8388721047331319,0.9789368104312939,0.7433439829605963,0.9396887159533074,0.9722222222222222,0.9306640625,0.871,0.926,0.854,0.91,0.833,0.976,0.698,0.966,0.98,0.953
89.88,3.0542716085910797,0.8410404624277457,0.9978969505783386,0.8392504930966469,0.8851022395326192,0.8330019880715706,0.978,0.7440860215053764,0.9405458089668616,0.9712586719524281,0.953953953953954,0.873,0.949,0.851,0.909,0.838,0.978,0.692,0.965,0.98,0.953
89.17,3.2475075721740723,0.840887174541948,0.9977246871444824,0.8372549019607843,0.884990253411306,0.8366733466933868,0.9789156626506024,0.7438370846730975,0.9415204678362573,0.9722222222222222,0.8876508820798514,0.872,0.877,0.854,0.908,0.835,0.975,0.694,0.966,0.98,0.956
87.5,3.3798339664936066,0.840887174541948,0.998587570621469,0.8370951913640824,0.8852140077821011,0.8385155466399198,0.9799196787148594,0.7427652733118971,0.9432485322896281,0.9722222222222222,0.7659744408945687,0.872,0.707,0.853,0.91,0.836,0.976,0.693,0.964,0.98,0.959
87.6,3.370793789625168,0.840887174541948,0.9972183588317107,0.8394088669950739,0.884990253411306,0.838,0.9798792756539235,0.7422459893048128,0.9415204678362573,0.9722222222222222,0.7733870967741936,0.872,0.717,0.852,0.908,0.838,0.974,0.694,0.966,0.98,0.959
88.05,3.343266099691391,0.840887174541948,0.9973718791064389,0.8409090909090909,0.8842412451361867,0.8388388388388388,0.9798994974874372,0.7420042643923241,0.9424390243902439,0.9722222222222222,0.8011695906432749,0.872,0.759,0.851,0.909,0.838,0.975,0.696,0.966,0.98,0.959
88.4,3.325022518634796,0.8410404624277457,0.9974811083123426,0.8424182358771061,0.8851022395326192,0.8383233532934131,0.9799196787148594,0.7427961579509071,0.9424390243902439,0.9722222222222222,0.8230240549828178,0.873,0.792,0.85,0.909,0.84,0.976,0.696,0.966,0.98,0.958
87.7,3.36854949593544,0.840887174541948,0.9986149584487535,0.8424182358771061,0.8852140077821011,0.8391608391608392,0.9798994974874372,0.7422790202342918,0.9424390243902439,0.9722222222222222,0.7758899676375405,0.872,0.721,0.85,0.91,0.84,0.975,0.697,0.966,0.98,0.959
81.78,3.7909032702445984,0.8376313276026743,0.9926470588235294,0.8425742574257425,0.8893241919686582,0.8396793587174348,0.9808467741935484,0.7408993576017131,0.9414634146341463,0.9722222222222222,0.5243302351011482,0.877,0.135,0.851,0.908,0.838,0.973,0.692,0.965,0.98,0.959
80.85,4.0726562440395355,0.8368320610687023,1.0,0.84106614017769,0.8843537414965986,0.8398398398398398,0.9808274470232089,0.7445887445887446,0.9405458089668616,0.9722222222222222,0.49973944762897343,0.877,0.043,0.852,0.91,0.839,0.972,0.688,0.965,0.98,0.959
80.99,3.976178288459778,0.8346007604562737,0.9830508474576272,0.8425742574257425,0.8860759493670886,0.8391608391608392,0.9808274470232089,0.744842562432139,0.9405458089668616,0.9722222222222222,0.5034120734908136,0.878,0.058,0.851,0.91,0.84,0.972,0.686,0.965,0.98,0.959
82.68,3.6733727753162384,0.8350810295519543,0.995575221238938,0.8424182358771061,0.8861867704280155,0.839481555333998,0.9808274470232089,0.7443120260021668,0.9397473275024295,0.9722222222222222,0.552479815455594,0.876,0.225,0.85,0.911,0.842,0.972,0.687,0.967,0.98,0.958
86.11,3.465921103954315,0.836676217765043,0.9982394366197183,0.843098311817279,0.8853255587949466,0.8379721669980119,0.9808660624370594,0.7448648648648649,0.9379243452958292,0.9722222222222222,0.689033189033189,0.876,0.567,0.849,0.911,0.843,0.974,0.689,0.967,0.98,0.955
87.06,3.4105970561504364,0.8368320610687023,0.9984848484848485,0.843098311817279,0.8853255587949466,0.8386454183266933,0.9808467741935484,0.7454153182308522,0.938894277400582,0.9722222222222222,0.7387944358578052,0.877,0.659,0.849,0.911,0.842,0.973,0.691,0.968,0.98,0.956
87.98,3.349706321954727,0.8350810295519543,0.9986789960369881,0.8400789733464955,0.8845780795344326,0.8388388388388388,0.9808660624370594,0.7453954496208017,0.9388349514563107,0.9722222222222222,0.7986633249791144,0.876,0.756,0.851,0.912,0.838,0.974,0.688,0.967,0.98,0.956
87.91,3.3544885218143463,0.8374760994263862,0.998661311914324,0.8415841584158416,0.8837209302325582,0.8381618381618382,0.9798994974874372,0.7462203023758099,0.9396887159533074,0.9722222222222222,0.792046396023198,0.876,0.746,0.85,0.912,0.839,0.975,0.691,0.966,0.98,0.956
84.63,3.550254911184311,0.8374760994263862,0.9975845410628019,0.8456175298804781,0.8844660194174757,0.8379721669980119,0.9808660624370594,0.7454153182308522,0.942495126705653,0.9722222222222222,0.6203104786545925,0.876,0.413,0.849,0.911,0.843,0.974,0.691,0.967,0.98,0.959
85.81,3.4815471172332764,0.836676217765043,0.9981343283582089,0.8424182358771061,0.8852140077821011,0.8384845463609173,0.9808467741935484,0.7451403887688985,0.9415774099318404,0.9722222222222222,0.6734550561797753,0.876,0.535,0.85,0.91,0.841,0.973,0.69,0.967,0.98,0.959
87.29,3.3947125375270844,0.8395773294908742,0.9970845481049563,0.8407517309594461,0.8860759493670886,0.8381618381618382,0.9808467741935484,0.7438370846730975,0.9406614785992218,0.9722222222222222,0.7525530243519246,0.874,0.684,0.85,0.91,0.839,0.973,0.694,0.967,0.98,0.958
85.76,3.482492208480835,0.8373205741626795,0.99812734082397,0.8399209486166008,0.8852140077821011,0.8388388388388388,0.9808274470232089,0.7448869752421959,0.9415774099318404,0.9722222222222222,0.6720392431674842,0.875,0.533,0.85,0.91,0.838,0.972,0.692,0.967,0.98,0.959
82.48,3.698653280735016,0.8387715930902111,0.9951923076923077,0.8379174852652259,0.8853255587949466,0.8408862034239678,0.9808274470232089,0.7422126745435016,0.9406037000973709,0.9722222222222222,0.547062179121506,0.874,0.207,0.853,0.911,0.835,0.972,0.691,0.966,0.98,0.959
83.86,3.58884796500206,0.8371647509578544,0.997134670487106,0.8347996089931574,0.8859649122807017,0.8408862034239678,0.9808274470232089,0.7432578209277239,0.9415204678362573,0.9722222222222222,0.5945443273403596,0.874,0.348,0.854,0.909,0.835,0.972,0.689,0.966,0.98,0.959
84.54,3.5561743676662445,0.836676217765043,0.9975728155339806,0.8390918065153011,0.8838334946757018,0.8391959798994975,0.9808467741935484,0.745945945945946,0.9415774099318404,0.9722222222222222,0.6195090439276486,0.876,0.411,0.85,0.913,0.835,0.973,0.69,0.967,0.98,0.959
83.15,3.6291412115097046,0.8378119001919386,0.99644128113879,0.8326848249027238,0.883495145631068,0.840242669362993,0.9808274470232089,0.7435064935064936,0.9406614785992218,0.9722222222222222,0.5711733174508636,0.873,0.28,0.856,0.91,0.831,0.972,0.687,0.967,0.98,0.959
81.29,3.8701694011688232,0.8358778625954199,0.9882352941176471,0.8442460317460317,0.883495145631068,0.8403193612774451,0.9808274470232089,0.7456709956709957,0.9423828125,0.9722222222222222,0.5106382978723404,0.876,0.084,0.851,0.91,0.842,0.972,0.689,0.965,0.98,0.96
81.99,3.7551934123039246,0.8381226053639846,0.9934640522875817,0.8449304174950298,0.8843537414965986,0.8388059701492537,0.9808274470232089,0.7448869752421959,0.9406037000973709,0.9722222222222222,0.5304203539823009,0.875,0.152,0.85,0.91,0.843,0.972,0.692,0.966,0.98,0.959
82.26,3.7218300104141235,0.8363636363636363,0.9946524064171123,0.8424182358771061,0.8826382153249273,0.839,0.9808274470232089,0.7438105489773951,0.9414634146341463,0.9722222222222222,0.540281690140845,0.874,0.186,0.85,0.91,0.839,0.972,0.691,0.965,0.98,0.959
82.82,3.6689963936805725,0.8381226053639846,0.9957446808510638,0.845771144278607,0.883495145631068,0.8388059701492537,0.9808274470232089,0.7451612903225806,0.9415204678362573,0.9722222222222222,0.555619930475087,0.875,0.234,0.85,0.91,0.843,0.972,0.693,0.966,0.98,0.959
83.45,3.6176543533802032,0.8389261744966443,0.9966329966329966,0.8456175298804781,0.883495145631068,0.839481555333998,0.9808467741935484,0.744908896034298,0.9424390243902439,0.9722222222222222,0.5759759759759759,0.875,0.296,0.849,0.91,0.842,0.973,0.695,0.966,0.98,0.959
83.04,3.6511311531066895,0.8365200764818356,0.9961685823754789,0.8440913604766633,0.8826382153249273,0.8384845463609173,0.9808274470232089,0.7443365695792881,0.9415774099318404,0.9722222222222222,0.5644496762801648,0.875,0.26,0.85,0.91,0.841,0.972,0.69,0.967,0.98,0.959
85.04,3.5205360651016235,0.8358778625954199,0.9978354978354979,0.8407517309594461,0.8837209302325582,0.8386773547094188,0.9808467741935484,0.7456709956709957,0.9415774099318404,0.9722222222222222,0.6401869158878505,0.876,0.461,0.85,0.912,0.837,0.973,0.689,0.967,0.98,0.959
82.48,3.6973187625408173,0.8358778625954199,0.9951923076923077,0.8417408506429278,0.8860759493670886,0.8388388388388388,0.9808274470232089,0.7435344827586207,0.9405458089668616,0.9722222222222222,0.5467502850627138,0.876,0.207,0.851,0.91,0.838,0.972,0.69,0.965,0.98,0.959
81.79,3.784878373146057,0.8358778625954199,0.9927536231884058,0.8442460317460317,0.8875855327468231,0.8391608391608392,0.9808274470232089,0.7422126745435016,0.9405458089668616,0.9722222222222222,0.5251916757940854,0.876,0.137,0.851,0.908,0.84,0.972,0.691,0.965,0.98,0.959
82.06,3.7513367533683777,0.836676217765043,0.99375,0.8449304174950298,0.8860759493670886,0.839481555333998,0.9808274470232089,0.7440860215053764,0.9406037000973709,0.9722222222222222,0.532481954469739,0.876,0.159,0.85,0.91,0.842,0.972,0.692,0.966,0.98,0.959
82.57,3.683446943759918,0.8358778625954199,0.9954337899543378,0.8409090909090909,0.8853255587949466,0.8397177419354839,0.9808274470232089,0.740343347639485,0.9406614785992218,0.9722222222222222,0.5508328546812177,0.876,0.218,0.851,0.911,0.833,0.972,0.69,0.967,0.98,0.959
83.28,3.621685802936554,0.8342857142857143,0.9965870307167235,0.8392504930966469,0.883495145631068,0.8407258064516129,0.9808274470232089,0.7421790722761596,0.9415204678362573,0.9722222222222222,0.5745955662073098,0.876,0.292,0.851,0.91,0.834,0.972,0.688,0.966,0.98,0.959
82.32,3.724790573120117,0.8397312859884837,0.9945652173913043,0.8456175298804781,0.8852140077821011,0.839481555333998,0.9808274470232089,0.7435897435897436,0.9406037000973709,0.9722222222222222,0.5396736072031514,0.875,0.183,0.849,0.91,0.842,0.972,0.696,0.966,0.98,0.959
82.38,3.7148698270320892,0.8387715930902111,0.9948453608247423,0.8417408506429278,0.8869395711500975,0.8386773547094188,0.9808467741935484,0.7414529914529915,0.9415774099318404,0.9722222222222222,0.543035107587769,0.874,0.193,0.851,0.91,0.837,0.973,0.694,0.967,0.98,0.959
83.82,3.593712031841278,0.836676217765043,0.9970845481049563,0.8385826771653543,0.8859649122807017,0.8390342052313883,0.9808274470232089,0.7430107526881721,0.9415774099318404,0.9722222222222222,0.592707045735476,0.876,0.342,0.852,0.909,0.834,0.972,0.691,0.967,0.98,0.959
84.32,3.566323310136795,0.837967401725791,0.9974554707379135,0.8387413962635202,0.8851022395326192,0.8395560040363269,0.9808467741935484,0.7411764705882353,0.942495126705653,0.9722222222222222,0.6116071428571429,0.874,0.392,0.853,0.909,0.832,0.973,0.693,0.967,0.98,0.959
84.72,3.5414628088474274,0.8365200764818356,0.9976851851851852,0.8385826771653543,0.8876953125,0.8391959798994975,0.9808467741935484,0.7422126745435016,0.9415774099318404,0.9722222222222222,0.6272073250490516,0.875,0.431,0.852,0.909,0.835,0.973,0.691,0.967,0.98,0.959
84.97,3.53261861205101,0.8373205741626795,0.9977876106194691,0.8409090909090909,0.8862973760932945,0.839518555667001,0.9808660624370594,0.7430107526881721,0.9415774099318404,0.9722222222222222,0.6363636363636364,0.875,0.451,0.851,0.912,0.837,0.974,0.691,0.967,0.98,0.959
84.71,3.5406884849071503,0.8365200764818356,0.9976798143851509,0.8387413962635202,0.8859649122807017,0.8398791540785498,0.9808467741935484,0.7422126745435016,0.942495126705653,0.9722222222222222,0.626797385620915,0.875,0.43,0.853,0.909,0.834,0.973,0.691,0.967,0.98,0.959
83.13,3.6440207958221436,0.837967401725791,0.9962264150943396,0.8442460317460317,0.8859649122807017,0.839481555333998,0.9808467741935484,0.7438370846730975,0.942495126705653,0.9722222222222222,0.5654481132075472,0.874,0.264,0.851,0.909,0.842,0.973,0.694,0.967,0.98,0.959
83.59,3.6070320904254913,0.8382775119617225,0.9967948717948718,0.8388998035363457,0.8876953125,0.8418932527693856,0.9808467741935484,0.7438370846730975,0.942495126705653,0.9722222222222222,0.5815645845967253,0.876,0.311,0.854,0.909,0.836,0.973,0.694,0.967,0.98,0.959
81.82,3.7732833921909332,0.8365200764818356,0.9929577464788732,0.841897233201581,0.8859649122807017,0.839518555667001,0.9808274470232089,0.7414163090128756,0.9406037000973709,0.9722222222222222,0.5272127542605828,0.875,0.141,0.852,0.909,0.837,0.972,0.691,0.966,0.98,0.959
82.3,3.7165606915950775,0.8373205741626795,0.9947916666666666,0.8382352941176471,0.8868292682926829,0.8400402414486922,0.9808274470232089,0.7416576964477933,0.9405458089668616,0.9722222222222222,0.5418079096045197,0.875,0.191,0.855,0.909,0.835,0.972,0.689,0.965,0.98,0.959
81.64,3.8010670840740204,0.8365200764818356,0.9921259842519685,0.8382352941176471,0.8858536585365854,0.8405650857719476,0.9808274470232089,0.7419354838709677,0.9423828125,0.9722222222222222,0.5223068552774756,0.875,0.126,0.855,0.908,0.833,0.972,0.69,0.965,0.98,0.96
81.44,3.8310423493385315,0.8358778625954199,0.9905660377358491,0.8382352941176471,0.8875855327468231,0.8408862034239678,0.9808274470232089,0.7421790722761596,0.9414634146341463,0.9722222222222222,0.516406670252824,0.876,0.105,0.855,0.908,0.835,0.972,0.688,0.965,0.98,0.96
80.89,4.00261464715004,0.8361904761904762,1.0,0.8364348677766895,0.8876953125,0.8408862034239678,0.9808080808080808,0.7435064935064936,0.9414634146341463,0.9722222222222222,0.5013054830287206,0.878,0.05,0.854,0.909,0.835,0.971,0.687,0.965,0.98,0.96
