10.0,24.335455656051636,nan,nan,nan,nan,0.1,nan,nan,nan,nan,nan,0.0,0.0,0.0,0.0,1.0,0.0,0.0,0.0,0.0,0.0
10.0,24.58355212211609,nan,nan,nan,nan,0.1,nan,nan,nan,nan,nan,0.0,0.0,0.0,0.0,1.0,0.0,0.0,0.0,0.0,0.0
10.0,22.772491693496704,nan,nan,nan,nan,nan,nan,0.1,nan,nan,nan,0.0,0.0,0.0,0.0,0.0,0.0,1.0,0.0,0.0,0.0
11.19,22.42633318901062,nan,nan,nan,0.10182262498727217,nan,0.664804469273743,nan,nan,nan,nan,0.0,0.0,0.0,1.0,0.0,0.119,0.0,0.0,0.0,0.0
15.49,20.185619592666626,nan,0.75,nan,nan,nan,nan,nan,0.10602205258693809,0.9883720930232558,nan,0.0,0.039,0.0,0.0,0.0,0.0,0.0,1.0,0.51,0.0
54.99,13.95000958442688,0.9205298013245033,0.8522483940042827,nan,0.3446398659966499,0.3334644121116791,0.9912280701754386,0.3223684210526316,0.6183745583038869,0.9853137516688919,0.7422360248447205,0.139,0.796,0.0,0.823,0.848,0.226,0.098,0.875,0.738,0.956
60.78,13.04662835597992,0.891566265060241,0.9828220858895705,nan,0.6612127045235804,0.8163265306122449,0.7978835978835979,0.23980470993681793,0.613315400134499,0.9763092269326683,0.9309173272933182,0.444,0.801,0.0,0.687,0.04,0.754,0.835,0.912,0.783,0.822
61.26,12.752593755722046,0.906930693069307,0.9400871459694989,0.27863247863247864,0.6506024096385542,1.0,0.9233870967741935,nan,0.6153333333333333,0.8355674709562109,0.8813229571984436,0.458,0.863,0.978,0.594,0.011,0.458,0.0,0.923,0.935,0.906
67.57,10.377698242664337,0.829733163913596,0.9812362030905077,0.44184652278177455,0.7706666666666667,0.8888888888888888,0.8089686098654708,0.22329603255340794,0.8572844400396432,0.9680094786729858,0.9186046511627907,0.653,0.889,0.737,0.578,0.008,0.902,0.439,0.865,0.817,0.869
67.2,10.197713136672974,0.8337765957446809,0.8990384615384616,0.5963718820861678,0.6112852664576802,0.43837675350701405,0.5210084033613446,0.35374149659863946,0.9713541666666666,0.9613130128956624,0.9660574412532638,0.627,0.935,0.526,0.78,0.875,0.992,0.052,0.373,0.82,0.74
69.15,10.23873519897461,0.8354922279792746,0.9942528735632183,0.46010797840431916,0.6601626016260163,0.7065390749601276,0.9916142557651991,0.3133004926108374,0.7022518765638032,0.9748743718592965,0.7230883444691908,0.645,0.865,0.767,0.812,0.443,0.473,0.318,0.842,0.776,0.974
70.96,9.931432068347931,0.8139810426540285,0.9954285714285714,0.36989795918367346,0.7015755329008341,0.6415552855407047,0.980719794344473,0.30952380952380953,0.8718905472636815,0.9311043566362716,0.6970338983050848,0.687,0.871,0.87,0.757,0.528,0.763,0.013,0.701,0.919,0.987
70.18,9.251934707164764,0.9049360146252285,0.9817400644468314,0.47065868263473054,0.7820965842167256,0.7209677419354839,0.9916317991631799,0.3215339233038348,0.643908969210174,0.9233830845771144,0.8685714285714285,0.495,0.914,0.786,0.664,0.447,0.474,0.436,0.962,0.928,0.912
67.48,9.113434195518494,0.8609077598828697,0.8906844106463878,0.3349946600213599,0.9183222958057395,0.8072916666666666,0.979702300405954,0.34385964912280703,0.8568398727465536,0.9605543710021321,0.7365269461077845,0.588,0.937,0.941,0.416,0.155,0.724,0.294,0.808,0.901,0.984
74.3,8.192679047584534,0.7289628180039139,0.9966814159292036,0.4265697976128697,0.7720670391061453,0.6509528585757272,0.9765319426336375,0.5967741935483871,0.7075812274368231,0.9038095238095238,0.9607843137254902,0.745,0.901,0.822,0.691,0.649,0.749,0.111,0.98,0.949,0.833
75.65,8.372633218765259,0.7783669141039237,0.9503042596348884,0.5386840202458424,0.7264791464597479,0.5826351865955827,0.9846368715083799,0.631578947368421,0.7453125,0.8037922506183017,0.9098922624877571,0.734,0.937,0.745,0.749,0.765,0.705,0.072,0.954,0.975,0.929
76.21,7.893096327781677,0.9072978303747534,0.9399014778325123,0.5145631067961165,0.7448210922787194,0.6673640167364017,0.9802712700369913,0.45118733509234826,0.7759036144578313,0.852760736196319,0.9447916666666667,0.46,0.954,0.795,0.791,0.638,0.795,0.342,0.966,0.973,0.907
77.71,7.224114000797272,0.7700915564598169,0.9851380042462845,0.5239658568614577,0.7446996466431095,0.6169111302847282,0.9757869249394673,0.6535947712418301,0.8313253012048193,0.889604415823367,0.8602150537634409,0.757,0.928,0.798,0.843,0.715,0.806,0.1,0.897,0.967,0.96
77.79,7.274159848690033,0.7431018078020932,0.9733606557377049,0.5855421686746988,0.774500475737393,0.5924834193072955,0.9851951547779273,0.5893719806763285,0.7247976453274466,0.8924632352941176,0.9653304442036836,0.781,0.95,0.729,0.814,0.804,0.732,0.122,0.985,0.971,0.891
78.19,7.277671277523041,0.7456813819577736,0.9307692307692308,0.6292237442922375,0.782608695652174,0.5863284002818887,0.9933155080213903,0.6203007518796992,0.8351449275362319,0.8619173262972736,0.8353448275862069,0.777,0.968,0.689,0.774,0.832,0.743,0.165,0.922,0.98,0.969
78.73,7.001882493495941,0.7829293993677555,1.0,0.611353711790393,0.7775665399239544,0.6713352007469654,0.9906417112299465,0.46835443037974683,0.7966101694915254,0.9073900841908326,0.8844361602982292,0.743,0.923,0.7,0.818,0.719,0.741,0.37,0.94,0.97,0.949
79.45,6.638929605484009,0.7461685823754789,0.9894291754756871,0.6025236593059937,0.7988560533841754,0.6251025430680885,0.9821656050955414,0.5885416666666666,0.8125,0.8976014760147601,0.899335232668566,0.779,0.936,0.764,0.838,0.762,0.771,0.226,0.949,0.973,0.947
80.15,6.19764506816864,0.7842720510095643,0.993704092339979,0.5811481218993622,0.7487352445193929,0.8183361629881154,0.976905311778291,0.5287637698898409,0.8288907996560619,0.8915223336371924,0.9416581371545547,0.738,0.947,0.82,0.888,0.482,0.846,0.432,0.964,0.978,0.92
77.92,6.8762078285217285,0.7319304666056725,1.0,0.5261479591836735,0.7243697478991596,0.7515527950310559,0.9789603960396039,0.6006600660066007,0.8587786259541985,0.907563025210084,0.845351867940921,0.8,0.821,0.825,0.862,0.484,0.791,0.364,0.9,0.972,0.973
80.83,6.152144014835358,0.718103448275862,0.9885892116182573,0.5556300268096515,0.850156087408949,0.7071823204419889,0.9817559863169898,0.6359743040685225,0.8369098712446352,0.9185823754789272,0.9523316062176166,0.833,0.953,0.829,0.817,0.64,0.861,0.297,0.975,0.959,0.919
78.64,6.656979560852051,0.7817551963048499,0.9603174603174603,0.5332918481642813,0.92625,0.7719928186714542,0.9926829268292683,0.48171846435100546,0.7906976744186046,0.9075471698113208,0.9585547290116897,0.677,0.968,0.857,0.741,0.43,0.814,0.527,0.986,0.962,0.902
81.17,6.02435827255249,0.7061900610287707,0.9967982924226254,0.6860346585117227,0.8560846560846561,0.5845951283739302,0.9735935706084959,0.7074829931972789,0.8840996168582376,0.9323529411764706,0.8849315068493151,0.81,0.934,0.673,0.809,0.888,0.848,0.312,0.923,0.951,0.969
81.97,5.676959991455078,0.7384916748285995,0.9874869655891554,0.678030303030303,0.864951768488746,0.6577851790174855,0.9885844748858448,0.5834445927903872,0.878003696857671,0.8997214484679665,0.9187380497131931,0.754,0.947,0.716,0.807,0.79,0.866,0.437,0.95,0.969,0.961
83.11,5.473004460334778,0.7512054001928641,0.9876288659793815,0.6633663366336634,0.8533872598584429,0.6642628205128205,0.9898876404494382,0.6618819776714514,0.8946378174976481,0.9407699901283317,0.9163498098859315,0.779,0.958,0.737,0.844,0.829,0.881,0.415,0.951,0.953,0.964
81.34,5.906507194042206,0.7241379310344828,0.9915433403805497,0.7172557172557172,0.8463855421686747,0.6019553072625698,0.9930394431554525,0.6431034482758621,0.8004946413849959,0.9512195121951219,0.9393282773564464,0.798,0.938,0.69,0.843,0.862,0.856,0.373,0.971,0.936,0.867
82.4,5.428637146949768,0.8098086124401914,0.9805527123848515,0.75,0.8386773547094188,0.6627615062761506,0.9834070796460177,0.533271719038817,0.8542402826855123,0.9502982107355865,0.9402061855670103,0.677,0.958,0.675,0.837,0.792,0.889,0.577,0.967,0.956,0.912
82.96,5.455880224704742,0.8018018018018018,0.9737903225806451,0.6254948535233571,0.8303393213572854,0.6991720331186753,0.9910514541387024,0.6191099476439791,0.8937153419593346,0.9500998003992016,0.9337231968810916,0.712,0.966,0.79,0.832,0.76,0.886,0.473,0.967,0.952,0.958
82.42,5.570810914039612,0.7978142076502732,0.9916405433646813,0.7194388777555111,0.7802294792586054,0.6369661266568483,0.9939024390243902,0.6834782608695652,0.9025787965616046,0.9119850187265918,0.858281665190434,0.73,0.949,0.718,0.884,0.865,0.815,0.393,0.945,0.974,0.969
82.43,5.55749636888504,0.7834602829162133,0.9836233367451381,0.6809302325581396,0.8633093525179856,0.6781802864363943,0.9941176470588236,0.6021377672209026,0.8107883817427386,0.9393939393939394,0.9430979978925185,0.72,0.961,0.732,0.84,0.805,0.845,0.507,0.977,0.961,0.895
83.49,5.48924595117569,0.8319018404907975,0.9876543209876543,0.6641156462585034,0.8913978494623656,0.7428571428571429,0.990185387131952,0.5429338103756708,0.889090909090909,0.9282296650717703,0.9531568228105907,0.678,0.96,0.781,0.829,0.702,0.908,0.607,0.978,0.97,0.936
84.0,5.2319968938827515,0.7528846153846154,0.9856996935648621,0.7113702623906706,0.8732394366197183,0.6609907120743034,0.9849785407725322,0.6842900302114804,0.9116809116809117,0.9086672879776329,0.9380530973451328,0.783,0.965,0.732,0.806,0.854,0.918,0.453,0.96,0.975,0.954
84.34,5.116755187511444,0.7562141491395793,0.983756345177665,0.7576086956521739,0.8972972972972973,0.6685621445978879,0.9851380042462845,0.6,0.9210275927687916,0.9239543726235742,0.9427443237907206,0.791,0.969,0.697,0.83,0.823,0.928,0.501,0.968,0.972,0.955
84.51,5.246878504753113,0.7461746174617462,0.9475218658892128,0.7103825136612022,0.9145785876993167,0.719892952720785,0.9839228295819936,0.6402777777777777,0.9122137404580153,0.9285714285714286,0.935672514619883,0.829,0.975,0.78,0.803,0.807,0.918,0.461,0.956,0.962,0.96
84.38,5.211535394191742,0.7702044790652386,0.9886363636363636,0.7700892857142857,0.874361593462717,0.6813278008298755,0.9819532908704883,0.5809628008752735,0.909689557855127,0.948,0.9463220675944334,0.791,0.957,0.69,0.856,0.821,0.925,0.531,0.967,0.948,0.952
84.13,5.024202674627304,0.7807539682539683,0.9682539682539683,0.7670011148272018,0.9050279329608939,0.6598101265822784,0.9890230515916575,0.6011049723756906,0.8940520446096655,0.9447731755424064,0.9324853228962818,0.787,0.976,0.688,0.81,0.834,0.901,0.544,0.962,0.958,0.953
84.81,4.980527937412262,0.785929648241206,0.9720558882235529,0.7022968197879859,0.8886532343584306,0.7219647822057461,0.9802083333333333,0.6120789779326364,0.9433198380566802,0.9612640163098879,0.9159584513692163,0.782,0.974,0.795,0.838,0.779,0.941,0.527,0.932,0.943,0.97
84.26,4.928544223308563,0.8096280087527352,0.9957537154989384,0.7788018433179723,0.841747572815534,0.6625,0.9761410788381742,0.5778894472361809,0.911487758945386,0.9720207253886011,0.9540816326530612,0.74,0.938,0.676,0.867,0.848,0.941,0.575,0.968,0.938,0.935
84.82,4.946594208478928,0.7684918347742555,0.9807106598984772,0.69106463878327,0.8857442348008385,0.6746894409937888,0.9812304483837331,0.6858407079646017,0.9292635658914729,0.9566968781470292,0.9430255402750491,0.8,0.966,0.727,0.845,0.869,0.941,0.465,0.959,0.95,0.96
84.48,4.876094549894333,0.8058252427184466,0.990625,0.7546961325966851,0.8839662447257384,0.6480238627889635,0.98043254376931,0.6134078212290502,0.9176245210727969,0.943952802359882,0.9485887096774194,0.747,0.951,0.683,0.838,0.869,0.952,0.549,0.958,0.96,0.941
84.41,4.85965695977211,0.7864838393731636,0.9906152241918665,0.6901408450704225,0.8795056642636457,0.7115732368896925,0.9521435692921236,0.6394472361809045,0.8752244165170556,0.949050949050949,0.9787234042553191,0.803,0.95,0.784,0.854,0.787,0.955,0.509,0.975,0.95,0.874
84.97,4.845152884721756,0.7989690721649485,0.9815005138746146,0.7739801543550165,0.8906581740976646,0.6599250936329588,0.9744114636642784,0.6333725029377203,0.9107142857142857,0.9419291338582677,0.9616580310880829,0.775,0.955,0.702,0.839,0.881,0.952,0.539,0.969,0.957,0.928
85.25,4.877026230096817,0.7898909811694748,0.9896265560165975,0.8026159334126041,0.8417540514775977,0.6726144297905353,0.9854014598540146,0.6367924528301887,0.8999081726354453,0.9617706237424547,0.9686847599164927,0.797,0.954,0.675,0.883,0.867,0.945,0.54,0.98,0.956,0.928
84.78,5.043186128139496,0.8263888888888888,0.9883843717001056,0.7444551591128254,0.8792924037460979,0.7561475409836066,0.9805327868852459,0.5304630381803412,0.9397828232971372,0.9683350357507661,0.9478346456692913,0.714,0.936,0.772,0.845,0.738,0.957,0.653,0.952,0.948,0.963
85.35,4.80755814909935,0.8186874304783093,0.9917184265010351,0.6763052208835342,0.8604878048780488,0.7803030303030303,0.9833852544132918,0.6123778501628665,0.9249762583095916,0.9458661417322834,0.9615384615384616,0.736,0.958,0.842,0.882,0.721,0.947,0.564,0.974,0.961,0.95
85.31,4.770655810832977,0.7683720930232558,0.9978655282817502,0.7159926470588235,0.8778004073319755,0.7234814143245694,0.9823468328141225,0.6287128712871287,0.9318403115871471,0.9570858283433133,0.9467980295566503,0.826,0.935,0.779,0.862,0.798,0.946,0.508,0.957,0.959,0.961
85.03,4.839391201734543,0.8162393162393162,0.9968017057569296,0.7014388489208633,0.834280303030303,0.7139084507042254,0.9775510204081632,0.6464285714285715,0.8901996370235935,0.9683350357507661,0.9793702497285559,0.764,0.935,0.78,0.881,0.811,0.958,0.543,0.981,0.948,0.902
85.09,4.812953978776932,0.811965811965812,0.9968051118210862,0.7076631977294229,0.8751269035532995,0.7001718213058419,0.9708249496981891,0.6080347448425625,0.9384164222873901,0.9577464788732394,0.9635258358662614,0.76,0.936,0.748,0.862,0.815,0.965,0.56,0.96,0.952,0.951
85.26,4.7094137370586395,0.7814634146341464,0.9978880675818373,0.7244701348747592,0.8553149606299213,0.7135325131810193,0.9706774519716885,0.6300863131935882,0.9357976653696498,0.9441176470588235,0.9625506072874493,0.801,0.945,0.752,0.869,0.812,0.96,0.511,0.962,0.963,0.951
85.43,4.834648370742798,0.8087606837606838,0.9948293691830403,0.6901528013582343,0.857976653696498,0.7772972972972974,0.9786150712830958,0.6052631578947368,0.9365234375,0.9475766567754699,0.9579579579579579,0.757,0.962,0.813,0.882,0.719,0.961,0.575,0.959,0.958,0.957
85.74,4.694904088973999,0.7925851703406813,0.9937759336099585,0.7224749772520473,0.8824130879345603,0.7408759124087592,0.9775739041794088,0.6200923787528868,0.9451097804391217,0.9536757301107754,0.9442815249266863,0.791,0.958,0.794,0.863,0.812,0.959,0.537,0.947,0.947,0.966
85.88,4.725413352251053,0.7897897897897898,0.9938144329896907,0.7564612326043738,0.8910585817060637,0.7308730873087309,0.9766497461928934,0.6074468085106383,0.9415262636273538,0.9558232931726908,0.9495548961424333,0.789,0.964,0.761,0.867,0.812,0.962,0.571,0.95,0.952,0.96
85.43,4.692995101213455,0.816916488222698,0.9947589098532494,0.7062999112688554,0.8753768844221106,0.7480769230769231,0.9737373737373738,0.6014799154334038,0.9356435643564357,0.9566968781470292,0.9475766567754699,0.763,0.949,0.796,0.871,0.778,0.964,0.569,0.945,0.95,0.958
85.63,4.60313555598259,0.7832369942196532,0.9989395546129375,0.7207373271889401,0.9087003222341569,0.7295081967213115,0.9738430583501007,0.6124031007751938,0.9423459244532804,0.9577464788732394,0.9503968253968254,0.813,0.942,0.782,0.846,0.801,0.968,0.553,0.948,0.952,0.958
85.43,4.696611732244492,0.7757633587786259,0.9989293361884368,0.7334630350194552,0.9098805646036916,0.7125748502994012,0.9805924412665986,0.6134831460674157,0.9317738791423001,0.9530938123752495,0.9521435692921236,0.813,0.933,0.754,0.838,0.833,0.96,0.546,0.956,0.955,0.955
85.81,4.620031267404556,0.8151709401709402,0.9925847457627118,0.7589285714285714,0.9145021645021645,0.7212543554006968,0.977710233029382,0.5895450145208132,0.9515640766902119,0.9560878243512974,0.9425511197663097,0.763,0.937,0.765,0.845,0.828,0.965,0.609,0.943,0.958,0.968
86.04,4.537151604890823,0.8172268907563025,0.9978791092258749,0.7453183520599251,0.8923857868020305,0.7649363369245837,0.9795291709314228,0.5849952516619183,0.9408284023668639,0.9660493827160493,0.948768472906404,0.778,0.941,0.796,0.879,0.781,0.957,0.616,0.954,0.939,0.963
86.1,4.588972121477127,0.8062880324543611,0.9989258861439313,0.7729566094853683,0.895748987854251,0.7356426618049225,0.9766260162601627,0.5877192982456141,0.924618320610687,0.9713114754098361,0.9722507708119219,0.795,0.93,0.766,0.885,0.807,0.961,0.603,0.969,0.948,0.946
85.86,4.610067546367645,0.8198689956331878,0.9989281886387996,0.7812817904374364,0.8896761133603239,0.7363717605004468,0.9765545361875637,0.5719523373052245,0.9365234375,0.9678423236514523,0.957042957042957,0.751,0.932,0.768,0.879,0.824,0.958,0.624,0.959,0.933,0.958
85.62,4.73754096031189,0.7767083734359962,0.9978609625668449,0.6677316293929713,0.912621359223301,0.7427230046948357,0.9824742268041237,0.6602809706257982,0.9291187739463601,0.9607250755287009,0.9627016129032258,0.807,0.933,0.836,0.846,0.791,0.953,0.517,0.97,0.954,0.955
85.85,4.6013073325157166,0.8082627118644068,0.9978609625668449,0.7611940298507462,0.9087093389296957,0.7299465240641712,0.9794871794871794,0.5860420650095602,0.931665062560154,0.9595141700404858,0.9617321248741189,0.763,0.933,0.765,0.866,0.819,0.955,0.613,0.968,0.948,0.955
85.75,4.604050666093826,0.8101802757158006,0.9989247311827957,0.7077059344552702,0.8888888888888888,0.7462825278810409,0.9786585365853658,0.6069915254237288,0.9333976833976834,0.9616935483870968,0.965482233502538,0.764,0.929,0.799,0.872,0.803,0.963,0.573,0.967,0.954,0.951
85.93,4.492250472307205,0.7793696275071633,1.0,0.8054945054945055,0.909967845659164,0.7057851239669422,0.9795501022494888,0.5975103734439834,0.9455445544554455,0.957,0.9479371316306483,0.816,0.93,0.733,0.849,0.854,0.958,0.576,0.955,0.957,0.965
86.16,4.509044647216797,0.7665441176470589,0.9968421052631579,0.7551219512195122,0.9135538954108858,0.7183219178082192,0.9775051124744376,0.6420798065296252,0.9315992292870906,0.9589178356713427,0.963673057517659,0.834,0.947,0.774,0.856,0.839,0.956,0.531,0.967,0.957,0.955
85.92,4.5138141214847565,0.7929292929292929,0.9978768577494692,0.7368421052631579,0.9039665970772442,0.7561436672967864,0.9745417515274949,0.5931321540062435,0.9324324324324325,0.9540918163672655,0.9655870445344129,0.785,0.94,0.798,0.866,0.8,0.957,0.57,0.966,0.956,0.954
85.88,4.600188344717026,0.7995971802618328,0.9989304812834224,0.7464655984919887,0.9133261105092091,0.7372727272727273,0.9775510204081632,0.5864811133200796,0.9392752203721841,0.9693251533742331,0.9561316051844466,0.794,0.934,0.792,0.843,0.811,0.958,0.59,0.959,0.948,0.959
85.92,4.589071363210678,0.8180839612486545,1.0,0.7227272727272728,0.8916155419222904,0.7433789954337899,0.968968968968969,0.6052631578947368,0.9385365853658536,0.9682377049180327,0.9675126903553299,0.76,0.925,0.795,0.872,0.814,0.968,0.598,0.962,0.945,0.953
86.12,4.552059084177017,0.7993827160493827,1.0,0.7230347349177331,0.8891149542217701,0.7311733800350263,0.9727272727272728,0.6439732142857143,0.9401373895976447,0.9731404958677686,0.958958958958959,0.777,0.937,0.791,0.874,0.835,0.963,0.577,0.958,0.942,0.958
86.07,4.580418676137924,0.80625,0.9989327641408752,0.7394495412844037,0.90134994807892,0.7604267701260912,0.9691235059760956,0.5880077369439072,0.9403131115459883,0.9662921348314607,0.9704081632653061,0.774,0.936,0.806,0.868,0.784,0.973,0.608,0.961,0.946,0.951
86.0,4.602425187826157,0.814935064935065,0.9978768577494692,0.7075718015665796,0.9011446409989594,0.7414104882459313,0.977482088024565,0.6310679611650486,0.9298076923076923,0.9634888438133874,0.9625506072874493,0.753,0.94,0.813,0.866,0.82,0.955,0.585,0.967,0.95,0.951
86.11,4.557744085788727,0.8235942668136714,0.9978655282817502,0.7228699551569506,0.8957055214723927,0.7477064220183486,0.9718026183282981,0.6139817629179332,0.9392752203721841,0.9663951120162932,0.9626262626262626,0.747,0.935,0.806,0.876,0.815,0.965,0.606,0.959,0.949,0.953
86.44,4.5747456550598145,0.7959798994974875,0.9978925184404637,0.7181978798586572,0.9009287925696594,0.7563739376770539,0.9747729566094854,0.6487093153759821,0.9412915851272016,0.956,0.9637096774193549,0.792,0.947,0.813,0.873,0.801,0.966,0.578,0.962,0.956,0.956
86.37,4.561401903629303,0.8191721132897604,0.9979013641133263,0.7521367521367521,0.9036269430051813,0.7367475292003594,0.9746963562753036,0.6182364729458918,0.9428571428571428,0.9588353413654619,0.957042957042957,0.752,0.951,0.792,0.872,0.82,0.963,0.617,0.957,0.955,0.958
86.4,4.495837211608887,0.8045977011494253,0.9978991596638656,0.7431192660550459,0.9095688748685594,0.7411764705882353,0.9785056294779939,0.6251319957761352,0.9385365853658536,0.9618090452261306,0.958041958041958,0.77,0.95,0.81,0.865,0.819,0.956,0.592,0.962,0.957,0.959
86.47,4.438441067934036,0.8095238095238095,0.9989429175475687,0.7405355493998154,0.9051094890510949,0.736420302760463,0.9784836065573771,0.6354733405875952,0.9351403678606002,0.961,0.9618090452261306,0.782,0.945,0.802,0.868,0.827,0.955,0.584,0.966,0.961,0.957
86.34,4.601213455200195,0.8146551724137931,0.9968652037617555,0.7465051258154707,0.9073881373569199,0.75,0.9804727646454265,0.6092184368737475,0.9350145489815713,0.958,0.9579579579579579,0.756,0.954,0.801,0.872,0.81,0.954,0.608,0.964,0.958,0.957
86.18,4.564980775117874,0.8072916666666666,0.9989361702127659,0.6957250628667225,0.8996897621509824,0.7622243528283796,0.9776422764227642,0.6411111111111111,0.9342359767891683,0.9606458123107972,0.9635627530364372,0.775,0.939,0.83,0.87,0.795,0.962,0.577,0.966,0.952,0.952
86.24,4.56914895772934,0.813034188034188,1.0,0.7246503496503497,0.9083245521601686,0.7655502392344498,0.9738430583501007,0.6044624746450304,0.937682570593963,0.9580838323353293,0.9674134419551935,0.761,0.935,0.829,0.862,0.8,0.968,0.596,0.963,0.96,0.95
86.06,4.68690150976181,0.8025078369905956,1.0,0.7295597484276729,0.9064143007360673,0.7532588454376163,0.9757820383451059,0.602238046795524,0.9377431906614786,0.9624365482233502,0.9654471544715447,0.768,0.934,0.812,0.862,0.809,0.967,0.592,0.964,0.948,0.95
86.36,4.6054690182209015,0.8071278825995807,0.9989429175475687,0.744661095636026,0.9096638655462185,0.7509157509157509,0.9766260162601627,0.6094377510040161,0.9386562804284323,0.965270684371808,0.9627391742195368,0.77,0.945,0.802,0.866,0.82,0.961,0.607,0.964,0.945,0.956
86.23,4.626741737127304,0.8256467941507312,0.996832101372756,0.731729055258467,0.9004149377593361,0.7656702025072324,0.9738430583501007,0.6013384321223709,0.943952802359882,0.9587109768378651,0.9616548940464178,0.734,0.944,0.821,0.868,0.794,0.968,0.629,0.96,0.952,0.953
86.18,4.680484086275101,0.7951070336391437,0.9989384288747346,0.711587982832618,0.9191810344827587,0.761633428300095,0.9747729566094854,0.625,0.9314009661835749,0.9606854838709677,0.9672466734902764,0.78,0.941,0.829,0.853,0.802,0.966,0.585,0.964,0.953,0.945
85.95,4.786113768815994,0.8023255813953488,0.9989316239316239,0.7198237885462555,0.9200438116100766,0.7416741674167416,0.972809667673716,0.6157840083073728,0.9418145956607495,0.9587109768378651,0.9578313253012049,0.759,0.935,0.817,0.84,0.824,0.966,0.593,0.955,0.952,0.954
86.18,4.663889408111572,0.7953861584754263,1.0,0.7160385626643295,0.9130434782608695,0.7459016393442623,0.9718592964824121,0.6325842696629214,0.9332042594385286,0.961577350859454,0.9682377049180327,0.793,0.938,0.817,0.861,0.819,0.967,0.563,0.964,0.951,0.945
86.52,4.654798924922943,0.8055271238485159,0.9989406779661016,0.7225636523266022,0.9067085953878407,0.7561869844179652,0.9709418837675351,0.6420581655480985,0.9393939393939394,0.9578313253012049,0.9664634146341463,0.787,0.943,0.823,0.865,0.825,0.969,0.574,0.961,0.954,0.951
86.38,4.702676594257355,0.7898909811694748,1.0,0.7119518486672399,0.9128586609989373,0.7580037664783428,0.9708835341365462,0.6470588235294118,0.9385964912280702,0.9662231320368475,0.9663608562691132,0.797,0.944,0.828,0.859,0.805,0.967,0.583,0.963,0.944,0.948
86.3,4.667412966489792,0.7860647693817469,0.9989429175475687,0.6830645161290323,0.9122055674518201,0.7730358874878759,0.971830985915493,0.6674528301886793,0.9446092977250248,0.9642492339121552,0.9589178356713427,0.801,0.945,0.847,0.852,0.797,0.966,0.566,0.955,0.944,0.957
86.47,4.6567360162734985,0.796,0.9989451476793249,0.6955445544554455,0.9030239833159541,0.7740667976424361,0.9757085020242915,0.662020905923345,0.9324324324324325,0.95995995995996,0.9683350357507661,0.796,0.947,0.843,0.866,0.788,0.964,0.57,0.966,0.959,0.948
86.34,4.735325038433075,0.8108395324123273,0.9989395546129375,0.7132987910189983,0.8991769547325102,0.7639691714836223,0.9728643216080402,0.6307531380753139,0.9368318756073858,0.9625506072874493,0.9693877551020408,0.763,0.942,0.826,0.874,0.793,0.968,0.603,0.964,0.951,0.95
86.7,4.559761077165604,0.8127659574468085,0.9978991596638656,0.7169974115616912,0.8979381443298969,0.7637571157495257,0.9747729566094854,0.6506550218340611,0.9432485322896281,0.9592445328031809,0.9676767676767677,0.764,0.95,0.831,0.871,0.805,0.966,0.596,0.964,0.965,0.958
86.52,4.518029153347015,0.8131041890440387,1.0,0.7215411558669002,0.9007238883143743,0.7667304015296367,0.96996996996997,0.631198347107438,0.9385964912280702,0.963,0.9704081632653061,0.757,0.941,0.824,0.871,0.802,0.969,0.611,0.963,0.963,0.951
86.66,4.538457870483398,0.8168421052631579,1.0,0.7474654377880184,0.9010309278350516,0.7516040329972502,0.969,0.632016632016632,0.9367088607594937,0.959718026183283,0.970317297850563,0.776,0.945,0.811,0.874,0.82,0.969,0.608,0.962,0.953,0.948
86.71,4.542321711778641,0.819672131147541,1.0,0.7589118198874296,0.9018595041322314,0.7518382352941176,0.9691542288557214,0.6208251473477406,0.9403714565004888,0.9637826961770624,0.9713114754098361,0.75,0.947,0.809,0.873,0.818,0.974,0.632,0.962,0.958,0.948
86.71,4.586386799812317,0.8061538461538461,1.0,0.7341659232827832,0.8976215098241985,0.7580496780128795,0.9747474747474747,0.6446644664466447,0.944007858546169,0.9616161616161616,0.9628886659979939,0.786,0.946,0.823,0.868,0.824,0.965,0.586,0.961,0.952,0.96
86.81,4.515004187822342,0.8320441988950277,0.9989495798319328,0.7341092211280215,0.8926038500506586,0.7580496780128795,0.970912738214644,0.6408376963350786,0.945705824284304,0.9627766599597586,0.9637462235649547,0.753,0.951,0.82,0.881,0.824,0.968,0.612,0.958,0.957,0.957
86.39,4.648443847894669,0.8346727898966705,1.0,0.712457337883959,0.8961973278520041,0.7663197729422895,0.968031968031968,0.6193415637860082,0.9475247524752475,0.9577889447236181,0.9647532729103726,0.727,0.956,0.835,0.872,0.81,0.969,0.602,0.957,0.953,0.958
86.47,4.6742483377456665,0.8158730158730159,0.9989451476793249,0.7162393162393162,0.9057591623036649,0.7741312741312741,0.970970970970971,0.6242171189979123,0.9324324324324325,0.9624365482233502,0.9731404958677686,0.771,0.947,0.838,0.865,0.802,0.97,0.598,0.966,0.948,0.942
86.42,4.558606535196304,0.8341013824884793,0.9989484752891693,0.7269565217391304,0.90216271884655,0.7761485826001955,0.97002997002997,0.6043851286939943,0.9349514563106797,0.9644308943089431,0.9712230215827338,0.724,0.95,0.836,0.876,0.794,0.971,0.634,0.963,0.949,0.945
86.47,4.673890471458435,0.818082788671024,0.9989517819706499,0.7401079136690647,0.9163987138263665,0.7685714285714286,0.973816717019134,0.5990521327014218,0.9333976833976834,0.9722792607802875,0.9692307692307692,0.751,0.953,0.823,0.855,0.807,0.967,0.632,0.967,0.947,0.945
86.58,4.588192850351334,0.8072164948453608,0.9989550679205852,0.7368421052631579,0.911578947368421,0.7572362278244631,0.969061876247505,0.6269592476489029,0.9314671814671814,0.9635995955510617,0.974120082815735,0.783,0.956,0.812,0.866,0.811,0.971,0.6,0.965,0.953,0.941
86.62,4.646796524524689,0.8146186440677966,0.9989406779661016,0.730565371024735,0.9112050739957717,0.7774566473988439,0.9672943508424182,0.6175889328063241,0.9322362052274927,0.9704383282364933,0.9760665972944849,0.769,0.943,0.827,0.862,0.807,0.976,0.625,0.963,0.952,0.938
86.7,4.47535702586174,0.8257575757575758,0.9989506820566632,0.713065755764304,0.908237747653806,0.7706945765937203,0.968031968031968,0.6436903499469777,0.9348249027237354,0.9608040201005025,0.9702564102564103,0.763,0.952,0.835,0.871,0.81,0.969,0.607,0.961,0.956,0.946
86.4,4.600772798061371,0.8272017837235228,0.9989473684210526,0.7156118143459915,0.9007238883143743,0.7872127872127872,0.9662698412698413,0.6088669950738916,0.9339805825242719,0.9653414882772681,0.974120082815735,0.742,0.949,0.848,0.871,0.788,0.974,0.618,0.962,0.947,0.941
86.55,4.632371336221695,0.8174097664543525,0.9989539748953975,0.6967953985209532,0.9077568134171907,0.7764589515331355,0.9643916913946587,0.6440860215053763,0.9455984174085065,0.9614604462474645,0.9704684317718941,0.77,0.955,0.848,0.866,0.785,0.975,0.599,0.956,0.948,0.953
86.7,4.618319869041443,0.8232758620689655,0.9989528795811519,0.7052980132450332,0.9051094890510949,0.7829145728643216,0.9691235059760956,0.6363636363636364,0.9422135161606269,0.9627766599597586,0.9724208375893769,0.764,0.954,0.852,0.868,0.779,0.973,0.609,0.962,0.957,0.952
86.51,4.647615700960159,0.8451380552220888,0.9989462592202318,0.732568402471315,0.9012345679012346,0.7761627906976745,0.9672943508424182,0.6003649635036497,0.9422700587084148,0.9663608562691132,0.9732785200411099,0.704,0.948,0.83,0.876,0.801,0.976,0.658,0.963,0.948,0.947
86.79,4.510361194610596,0.832779623477298,0.9989506820566632,0.7320954907161804,0.911578947368421,0.7720797720797721,0.9681274900398407,0.6245098039215686,0.930635838150289,0.9675126903553299,0.9761163032191069,0.752,0.952,0.828,0.866,0.813,0.972,0.637,0.966,0.953,0.94
86.76,4.580952912569046,0.825136612021858,0.9989539748953975,0.7277533039647577,0.9158679446219382,0.7608095676172953,0.969061876247505,0.6329243353783232,0.9393939393939394,0.9655172413793104,0.9703779366700716,0.755,0.955,0.826,0.86,0.827,0.971,0.619,0.961,0.952,0.95
86.88,4.563238769769669,0.8217716115261473,0.9989561586638831,0.7296819787985865,0.9105263157894737,0.7611111111111111,0.97,0.6393270241850684,0.942156862745098,0.9655870445344129,0.9705284552845529,0.77,0.957,0.826,0.865,0.822,0.97,0.608,0.961,0.954,0.955
86.72,4.687357842922211,0.8278145695364238,0.9989572471324296,0.7012244897959183,0.9169329073482428,0.778743961352657,0.9719438877755511,0.6331923890063424,0.9405458089668616,0.9655172413793104,0.9714285714285714,0.75,0.958,0.859,0.861,0.806,0.97,0.599,0.965,0.952,0.952
86.39,4.661689400672913,0.8293241695303551,0.9989473684210526,0.7404371584699454,0.9085173501577287,0.7557392102846648,0.9691235059760956,0.6047619047619047,0.9349514563106797,0.965482233502538,0.9731958762886598,0.724,0.949,0.813,0.864,0.823,0.973,0.635,0.963,0.951,0.944
86.82,4.656075835227966,0.8355855855855856,0.9989561586638831,0.7413024085637824,0.9102428722280888,0.7624413145539906,0.9700598802395209,0.6213592233009708,0.9430255402750491,0.9655172413793104,0.9685279187817258,0.742,0.957,0.831,0.862,0.812,0.972,0.64,0.96,0.952,0.954
86.72,4.667722910642624,0.8316831683168316,0.9979101358411703,0.7237521514629949,0.9157782515991472,0.7685098406747891,0.969,0.6292481977342945,0.9339805825242719,0.9617321248741189,0.9701952723535457,0.756,0.955,0.841,0.859,0.82,0.969,0.611,0.962,0.955,0.944
86.95,4.533506870269775,0.818276220145379,0.9989539748953975,0.7310405643738977,0.9068062827225131,0.7660377358490567,0.9691235059760956,0.6512378902045209,0.9385964912280702,0.957,0.9732785200411099,0.788,0.955,0.829,0.866,0.812,0.973,0.605,0.963,0.957,0.947
86.96,4.662047177553177,0.811789038262668,0.9989583333333333,0.7165957446808511,0.8969072164948454,0.7781036168132942,0.9719719719719719,0.6571113561190739,0.9467980295566503,0.963819095477387,0.967644084934277,0.785,0.959,0.842,0.87,0.796,0.971,0.596,0.961,0.959,0.957
86.91,4.58399361371994,0.821505376344086,0.9989561586638831,0.7340989399293286,0.9104320337197049,0.7638888888888888,0.9710578842315369,0.6383419689119171,0.9359844810863239,0.9673802242609582,0.9742798353909465,0.764,0.957,0.831,0.864,0.825,0.973,0.616,0.965,0.949,0.947
87.03,4.618585705757141,0.8241639697950378,0.9989615784008308,0.7468354430379747,0.9113924050632911,0.7735124760076776,0.9692154915590864,0.625615763546798,0.9485657764589516,0.9608433734939759,0.9685279187817258,0.764,0.962,0.826,0.864,0.806,0.976,0.635,0.959,0.957,0.954
86.72,4.642401486635208,0.8214665249734325,0.9989517819706499,0.7260034904013961,0.9102428722280888,0.772552783109405,0.9681274900398407,0.6247464503042597,0.941234084231146,0.9673135852911133,0.9704081632653061,0.773,0.953,0.832,0.862,0.805,0.972,0.616,0.961,0.947,0.951
86.76,4.714138060808182,0.8036253776435045,0.9989440337909187,0.7380106571936057,0.9125799573560768,0.7654320987654321,0.9700598802395209,0.6334371754932503,0.9358600583090378,0.9702868852459017,0.9732785200411099,0.798,0.946,0.831,0.856,0.806,0.972,0.61,0.963,0.947,0.947
86.96,4.599817007780075,0.821917808219178,0.9989539748953975,0.730836236933798,0.8979381443298969,0.7706945765937203,0.9681908548707754,0.6421725239616614,0.9403714565004888,0.9684638860630722,0.9743589743589743,0.78,0.955,0.839,0.871,0.81,0.974,0.603,0.962,0.952,0.95
86.98,4.54002457857132,0.8066465256797583,0.9989517819706499,0.739247311827957,0.900518134715026,0.7652582159624414,0.9719719719719719,0.6467391304347826,0.9431929480901078,0.9674465920651069,0.9705284552845529,0.801,0.953,0.825,0.869,0.815,0.971,0.595,0.963,0.951,0.955
86.65,4.646841585636139,0.8429752066115702,0.9989528795811519,0.7441441441441441,0.907563025210084,0.7736389684813754,0.9672619047619048,0.6010879419764279,0.9403714565004888,0.9663951120162932,0.9743062692702981,0.714,0.954,0.826,0.864,0.81,0.975,0.663,0.962,0.949,0.948
87.0,4.634960561990738,0.8194297782470961,0.9989528795811519,0.7468468468468469,0.9042663891779397,0.775647171620326,0.9710867397806581,0.6291793313069909,0.9414634146341463,0.9587525150905433,0.9743589743589743,0.776,0.954,0.829,0.869,0.809,0.974,0.621,0.965,0.953,0.95
86.99,4.67351895570755,0.811789038262668,0.9989561586638831,0.7424778761061946,0.9088050314465409,0.777992277992278,0.9691235059760956,0.6293634496919918,0.9385964912280702,0.9702868852459017,0.9733333333333334,0.785,0.957,0.839,0.867,0.806,0.973,0.613,0.963,0.947,0.949
87.06,4.5848535895347595,0.8169456066945606,0.9989539748953975,0.7450450450450451,0.906610703043022,0.7708920187793428,0.9710578842315369,0.6362704918032787,0.9405458089668616,0.9683673469387755,0.9733606557377049,0.781,0.955,0.827,0.864,0.821,0.973,0.621,0.965,0.949,0.95
86.74,4.626957327127457,0.8337155963302753,0.9989528795811519,0.7553290083410565,0.9139213602550478,0.7583333333333333,0.9729458917835672,0.6060885608856088,0.9422700587084148,0.9675126903553299,0.9705284552845529,0.727,0.954,0.815,0.86,0.819,0.971,0.657,0.963,0.953,0.955
86.93,4.563708007335663,0.8300653594771242,0.9989561586638831,0.7613636363636364,0.8974358974358975,0.7502278942570647,0.9710867397806581,0.6275862068965518,0.9423264907135875,0.9682702149437052,0.9723926380368099,0.762,0.957,0.804,0.875,0.823,0.974,0.637,0.964,0.946,0.951
86.76,4.585333377122879,0.8300220750551877,0.9989561586638831,0.7544517338331771,0.8988648090815273,0.7490974729241877,0.9748490945674044,0.619188921859545,0.9406037000973709,0.9682702149437052,0.970498474059003,0.752,0.957,0.805,0.871,0.83,0.969,0.626,0.966,0.946,0.954
86.74,4.626555562019348,0.8303571428571429,0.9989528795811519,0.7518382352941176,0.9012474012474012,0.7642124883504194,0.972,0.6142719382835101,0.9369544131910766,0.9645030425963489,0.9722222222222222,0.744,0.954,0.818,0.867,0.82,0.972,0.637,0.966,0.951,0.945
86.52,4.74750342965126,0.8384074941451991,0.9989539748953975,0.7486238532110092,0.9171151776103337,0.7602611940298507,0.9700598802395209,0.5980304386750224,0.9368318756073858,0.9682702149437052,0.973305954825462,0.716,0.955,0.816,0.852,0.815,0.972,0.668,0.964,0.946,0.948
86.76,4.623011767864227,0.8350515463917526,0.9989561586638831,0.7515981735159817,0.9033264033264033,0.768579492003763,0.972027972027972,0.6061739943872778,0.936046511627907,0.9712820512820513,0.9742798353909465,0.729,0.957,0.823,0.869,0.817,0.973,0.648,0.966,0.947,0.947
86.84,4.696868479251862,0.8228388473852721,1.0,0.7493163172288059,0.9086134453781513,0.7617260787992496,0.9710578842315369,0.618905472636816,0.9442270058708415,0.961577350859454,0.9724208375893769,0.771,0.951,0.822,0.865,0.812,0.973,0.622,0.965,0.951,0.952
86.74,4.64276260137558,0.8186813186813187,0.9989594172736732,0.7391688770999116,0.9228260869565217,0.7663197729422895,0.9729458917835672,0.617704280155642,0.9406037000973709,0.9606060606060606,0.9723926380368099,0.745,0.96,0.836,0.849,0.81,0.971,0.635,0.966,0.951,0.951
86.86,4.600214898586273,0.8335233751425314,0.9989539748953975,0.7424242424242424,0.9089005235602095,0.7671361502347418,0.9738955823293173,0.6173913043478261,0.9460255152109912,0.9645390070921985,0.9686234817813765,0.731,0.955,0.833,0.868,0.817,0.97,0.639,0.964,0.952,0.957
87.05,4.519398599863052,0.8232804232804233,0.9989572471324296,0.7457168620378719,0.91129883843717,0.7602230483271375,0.973,0.6351490236382322,0.9405458089668616,0.9665314401622718,0.9724208375893769,0.778,0.958,0.827,0.863,0.818,0.973,0.618,0.965,0.953,0.952
86.93,4.552228480577469,0.8136645962732919,0.9989484752891693,0.7413024085637824,0.8926380368098159,0.7597402597402597,0.9719438877755511,0.6468682505399568,0.9405458089668616,0.9723643807574207,0.9703779366700716,0.786,0.95,0.831,0.873,0.819,0.97,0.599,0.965,0.95,0.95
86.93,4.5793445110321045,0.8157349896480331,0.9989539748953975,0.7350044762757386,0.9002079002079002,0.7524841915085817,0.9719719719719719,0.6540600667408232,0.9395711500974658,0.9665991902834008,0.9714285714285714,0.788,0.955,0.821,0.866,0.833,0.971,0.588,0.964,0.955,0.952
87.1,4.611115902662277,0.806841046277666,0.9989572471324296,0.737719298245614,0.9091869060190074,0.7662942271880819,0.9719719719719719,0.6584821428571429,0.937015503875969,0.9645030425963489,0.9722507708119219,0.802,0.958,0.841,0.861,0.823,0.971,0.59,0.967,0.951,0.946
87.05,4.5587988793849945,0.8167701863354038,0.9989528795811519,0.7394807520143241,0.9032258064516129,0.7568807339449541,0.9691542288557214,0.653551912568306,0.9441176470588235,0.9627391742195368,0.9734151329243353,0.789,0.954,0.826,0.868,0.825,0.974,0.598,0.963,0.956,0.952
87.0,4.570131808519363,0.8204857444561774,0.9989550679205852,0.7402482269503546,0.9134107708553326,0.764378478664193,0.9681592039800995,0.6418067226890757,0.9359223300970874,0.9645390070921985,0.9731682146542827,0.777,0.956,0.835,0.865,0.824,0.973,0.611,0.964,0.952,0.943
86.76,4.678542941808701,0.8295711060948081,0.9989550679205852,0.7558247903075489,0.9146211312700107,0.7468581687612208,0.9728915662650602,0.6167146974063401,0.9423828125,0.9655870445344129,0.9705284552845529,0.735,0.956,0.811,0.857,0.832,0.969,0.642,0.965,0.954,0.955
87.13,4.567659556865692,0.806484295845998,0.998960498960499,0.7425742574257426,0.9123548046462513,0.7591240875912408,0.971028971028971,0.6603563474387528,0.9432485322896281,0.9587939698492463,0.9704383282364933,0.796,0.961,0.825,0.864,0.832,0.972,0.593,0.964,0.954,0.952
87.03,4.6041814386844635,0.8295331161780674,0.9989572471324296,0.7541284403669725,0.9072708113804004,0.7595884003741815,0.9663366336633663,0.6351084812623274,0.9466929911154985,0.9587939698492463,0.9724489795918367,0.764,0.958,0.822,0.861,0.812,0.976,0.644,0.959,0.954,0.953
87.07,4.624370127916336,0.825107296137339,0.9989561586638831,0.7455197132616488,0.8960905349794238,0.7684310018903592,0.9728643216080402,0.6422680412371135,0.9433040078201369,0.9636363636363636,0.9685598377281948,0.769,0.957,0.832,0.871,0.813,0.968,0.623,0.965,0.954,0.955
87.11,4.503670901060104,0.8235294117647058,0.9989626556016598,0.7538883806038427,0.9041666666666667,0.7543538038496792,0.971,0.6491596638655462,0.9406037000973709,0.9570858283433133,0.9723360655737705,0.77,0.963,0.824,0.868,0.823,0.971,0.618,0.966,0.959,0.949
86.91,4.67346054315567,0.8289473684210527,0.9989583333333333,0.7421383647798742,0.9157782515991472,0.7557603686635944,0.9701492537313433,0.6285140562248996,0.9433040078201369,0.9627391742195368,0.9733333333333334,0.756,0.959,0.826,0.859,0.82,0.975,0.626,0.965,0.956,0.949
86.86,4.63227117061615,0.8372352285395763,0.9989561586638831,0.7267241379310345,0.9090909090909091,0.7764820213799806,0.9700598802395209,0.6252465483234714,0.9431372549019608,0.9637096774193549,0.9694501018329938,0.751,0.957,0.843,0.86,0.799,0.972,0.634,0.962,0.956,0.952
87.04,4.546771019697189,0.825668449197861,0.9989561586638831,0.736331569664903,0.906054279749478,0.7637209302325582,0.9738693467336683,0.6456361724500526,0.9467455621301775,0.962474645030426,0.9647887323943662,0.772,0.957,0.835,0.868,0.821,0.969,0.614,0.96,0.949,0.959
86.84,4.664573431015015,0.8353863381858903,0.9989528795811519,0.7403760071620412,0.9121693121693122,0.7536496350364964,0.971028971028971,0.6276067527308838,0.9405458089668616,0.9664634146341463,0.9723360655737705,0.746,0.954,0.827,0.862,0.826,0.972,0.632,0.965,0.951,0.949
86.95,4.614650696516037,0.8342602892102335,0.9989572471324296,0.738243123336291,0.9133192389006343,0.7598896044158233,0.9728915662650602,0.6312625250501002,0.9415204678362573,0.9663608562691132,0.9704383282364933,0.75,0.958,0.832,0.864,0.826,0.969,0.63,0.966,0.948,0.952
86.79,4.571101158857346,0.8133472367049009,0.997920997920998,0.7370304114490162,0.91005291005291,0.7539170506912443,0.97,0.6393270241850684,0.9395711500974658,0.9692937563971341,0.970317297850563,0.78,0.96,0.824,0.86,0.818,0.97,0.608,0.964,0.947,0.948
87.13,4.5170848071575165,0.8099593495934959,0.9989594172736732,0.7432675044883303,0.9170212765957447,0.7590361445783133,0.9691542288557214,0.6550218340611353,0.9449360865290068,0.9561316051844466,0.9714576962283384,0.797,0.96,0.828,0.862,0.819,0.974,0.6,0.961,0.959,0.953
86.81,4.587825059890747,0.8189473684210526,0.9989462592202318,0.731004366812227,0.9020833333333333,0.7661971830985915,0.97,0.635306553911205,0.9448818897637795,0.9663951120162932,0.9685916919959473,0.778,0.948,0.837,0.866,0.816,0.97,0.601,0.96,0.949,0.956
86.92,4.5588871240615845,0.8154327424400417,0.9989561586638831,0.730565371024735,0.9196141479099679,0.7550091074681239,0.9681908548707754,0.6438502673796791,0.944007858546169,0.9683995922528033,0.9714285714285714,0.782,0.957,0.827,0.858,0.829,0.974,0.602,0.961,0.95,0.952
87.12,4.550888746976852,0.8164754953076121,0.9989594172736732,0.7305699481865285,0.9088050314465409,0.7770398481973435,0.9701195219123506,0.6489130434782608,0.9413489736070382,0.9616161616161616,0.9733879222108496,0.783,0.96,0.846,0.867,0.819,0.974,0.597,0.963,0.952,0.951
87.21,4.609450697898865,0.8200836820083682,0.998960498960499,0.7380952380952381,0.9145569620253164,0.7668539325842697,0.971028971028971,0.6485042735042735,0.9451518119490695,0.9627391742195368,0.9714576962283384,0.784,0.961,0.837,0.867,0.819,0.972,0.607,0.965,0.956,0.953
87.05,4.560698240995407,0.8115942028985508,0.9989626556016598,0.7412712623097583,0.9230769230769231,0.7614165890027959,0.9701492537313433,0.6420395421436004,0.94140625,0.9627391742195368,0.9743326488706365,0.784,0.963,0.828,0.852,0.817,0.975,0.617,0.964,0.956,0.949
86.96,4.648045569658279,0.8258064516129032,0.9989583333333333,0.7288428324697754,0.9155080213903743,0.7722117202268431,0.973816717019134,0.6343975283213182,0.9441176470588235,0.965482233502538,0.9646464646464646,0.768,0.959,0.844,0.856,0.817,0.967,0.616,0.963,0.951,0.955
87.11,4.50579246878624,0.8208640674394099,0.9989550679205852,0.736013986013986,0.9042663891779397,0.7699530516431925,0.9719719719719719,0.6466809421841542,0.9432485322896281,0.9655521783181358,0.9704684317718941,0.779,0.956,0.842,0.869,0.82,0.971,0.604,0.964,0.953,0.953
87.0,4.528632998466492,0.8221052631578948,0.9989550679205852,0.7295652173913043,0.9004149377593361,0.7665732959850607,0.9719719719719719,0.6509330406147091,0.9424390243902439,0.959758551307847,0.9713993871297242,0.781,0.956,0.839,0.868,0.821,0.971,0.593,0.966,0.954,0.951
87.12,4.576252698898315,0.8154639175257732,0.9989539748953975,0.7418502202643171,0.9053627760252366,0.7760467380720545,0.9700897308075773,0.6446961894953656,0.9423828125,0.9645390070921985,0.9733606557377049,0.791,0.955,0.842,0.861,0.797,0.973,0.626,0.965,0.952,0.95
86.98,4.617388427257538,0.8277356446370531,0.9989539748953975,0.7470747074707471,0.9083245521601686,0.7614165890027959,0.9719719719719719,0.6315261044176707,0.9432485322896281,0.9635995955510617,0.9704684317718941,0.764,0.955,0.83,0.862,0.817,0.971,0.629,0.964,0.953,0.953
86.95,4.564080506563187,0.8051020408163265,0.9979231568016614,0.7364685004436557,0.9186295503211992,0.761595547309833,0.9718026183282981,0.6455424274973147,0.9448818897637795,0.9674465920651069,0.963819095477387,0.789,0.961,0.83,0.858,0.821,0.965,0.601,0.96,0.951,0.959
86.98,4.670170307159424,0.8155737704918032,0.9989506820566632,0.7224137931034482,0.9054621848739496,0.7646511627906977,0.9691542288557214,0.6548279689234184,0.9431929480901078,0.9693877551020408,0.9733879222108496,0.796,0.952,0.838,0.862,0.822,0.974,0.59,0.963,0.95,0.951
87.08,4.5252686738967896,0.8157894736842105,0.9989594172736732,0.7488584474885844,0.9032258064516129,0.7652582159624414,0.9729458917835672,0.6452947259565667,0.9459724950884086,0.9579579579579579,0.9685598377281948,0.775,0.96,0.82,0.868,0.815,0.971,0.624,0.963,0.957,0.955
87.15,4.538169682025909,0.8076535750251762,0.9989550679205852,0.7427055702917772,0.9068062827225131,0.7678571428571429,0.9691235059760956,0.6525054466230937,0.9395121951219512,0.9713993871297242,0.973305954825462,0.802,0.956,0.84,0.866,0.817,0.973,0.599,0.963,0.951,0.948
87.08,4.5786740481853485,0.8099089989888777,0.9989550679205852,0.7271944922547332,0.9080338266384778,0.7695202257761053,0.97002997002997,0.6555183946488294,0.9450441609421001,0.970498474059003,0.9694811800610377,0.801,0.956,0.845,0.859,0.818,0.971,0.588,0.963,0.954,0.953
86.81,4.618525326251984,0.8271186440677966,0.9989615784008308,0.7430117222723174,0.9171974522292994,0.7632805219012115,0.9701195219123506,0.6157540826128722,0.9441176470588235,0.965412004069176,0.9724489795918367,0.732,0.962,0.824,0.864,0.819,0.974,0.641,0.963,0.949,0.953
87.27,4.556604772806168,0.8257173219978746,0.998960498960499,0.7353711790393013,0.9032258064516129,0.7773512476007678,0.9720558882235529,0.6519453207150369,0.9469026548672567,0.9608040201005025,0.9715447154471545,0.777,0.961,0.842,0.868,0.81,0.974,0.62,0.963,0.956,0.956
87.18,4.509965717792511,0.8066132264529058,0.9989583333333333,0.7396293027360988,0.9032258064516129,0.7701688555347092,0.9691848906560636,0.6606741573033708,0.9422700587084148,0.9635627530364372,0.9723360655737705,0.805,0.959,0.838,0.868,0.821,0.975,0.588,0.963,0.952,0.949
87.04,4.545684725046158,0.8080082135523614,0.998960498960499,0.7380530973451327,0.9206008583690987,0.7659176029962547,0.971,0.6423280423280423,0.9396887159533074,0.966497461928934,0.9733606557377049,0.787,0.961,0.834,0.858,0.818,0.971,0.607,0.966,0.952,0.95
87.27,4.511068880558014,0.8087044534412956,0.9989583333333333,0.7459893048128342,0.9078534031413612,0.7754519505233112,0.9710578842315369,0.6544671689989235,0.938715953307393,0.9646821392532795,0.973305954825462,0.799,0.959,0.837,0.867,0.815,0.973,0.608,0.965,0.956,0.948
86.95,4.6631432473659515,0.8295331161780674,0.9989484752891693,0.7373029772329247,0.9032258064516129,0.7753134040501446,0.9672293942403177,0.6318407960199005,0.941234084231146,0.9693877551020408,0.9712820512820513,0.764,0.95,0.842,0.868,0.804,0.974,0.635,0.961,0.95,0.947
86.98,4.612787306308746,0.8301886792452831,0.9989594172736732,0.7380106571936057,0.9048117154811716,0.7723809523809524,0.9701195219123506,0.6287952987267384,0.9450980392156862,0.9674134419551935,0.9734422880490297,0.748,0.96,0.831,0.865,0.811,0.974,0.642,0.964,0.95,0.953
86.91,4.604880541563034,0.8218579234972677,0.997920997920998,0.744165170556553,0.9172852598091198,0.7649812734082397,0.971,0.6252465483234714,0.9423828125,0.9643584521384929,0.9723926380368099,0.752,0.96,0.829,0.865,0.817,0.971,0.634,0.965,0.947,0.951
86.87,4.608291804790497,0.8173178458289335,0.9989561586638831,0.7368421052631579,0.9029227557411273,0.7571825764596849,0.9681592039800995,0.6436058700209644,0.9431372549019608,0.9673469387755103,0.9723926380368099,0.774,0.957,0.826,0.865,0.817,0.973,0.614,0.962,0.948,0.951
86.84,4.658987939357758,0.8431372549019608,0.9979188345473465,0.7325174825174825,0.9093782929399368,0.766076421248835,0.96996996996997,0.6226783968719453,0.9466403162055336,0.9673802242609582,0.9667003027245207,0.731,0.959,0.838,0.863,0.822,0.969,0.637,0.958,0.949,0.958
87.08,4.537907093763351,0.8105046343975283,0.9989594172736732,0.7506750675067507,0.9084210526315789,0.7661971830985915,0.9680957128614157,0.6476793248945147,0.9385365853658536,0.9616161616161616,0.9723360655737705,0.787,0.96,0.834,0.863,0.816,0.971,0.614,0.962,0.952,0.949
87.0,4.604784160852432,0.8158995815899581,0.9989572471324296,0.7443541102077688,0.917558886509636,0.7575757575757576,0.9663032705649157,0.6400414937759336,0.9476284584980237,0.9625884732052579,0.9714576962283384,0.78,0.958,0.824,0.857,0.825,0.975,0.617,0.959,0.952,0.953
86.92,4.661059588193893,0.8239740820734341,0.9989550679205852,0.7452914798206278,0.9183673469387755,0.7656546489563567,0.9701195219123506,0.6206225680933852,0.9423828125,0.967479674796748,0.9733879222108496,0.763,0.956,0.831,0.855,0.807,0.974,0.638,0.965,0.952,0.951
87.03,4.519468694925308,0.8117283950617284,0.9989550679205852,0.7372134038800705,0.9042663891779397,0.7623026926648097,0.970970970970971,0.6516483516483517,0.9432485322896281,0.965482233502538,0.970498474059003,0.789,0.956,0.836,0.869,0.821,0.97,0.593,0.964,0.951,0.954
87.12,4.5720347464084625,0.8210412147505423,0.9989594172736732,0.748653500897666,0.9039665970772442,0.7763915547024952,0.9691542288557214,0.6315270935960591,0.9469548133595285,0.967479674796748,0.9734964322120285,0.757,0.96,0.834,0.866,0.809,0.974,0.641,0.964,0.952,0.955
87.0,4.547875463962555,0.8091286307053942,0.9989539748953975,0.7451154529307282,0.9040667361835245,0.7677725118483413,0.971028971028971,0.6420274551214361,0.9441176470588235,0.9635995955510617,0.9694811800610377,0.78,0.955,0.839,0.867,0.81,0.972,0.608,0.963,0.953,0.953
86.93,4.6244727075099945,0.8125,0.9979274611398964,0.7332155477031802,0.9133192389006343,0.7603686635944701,0.9737903225806451,0.6412459720730398,0.9450441609421001,0.9682702149437052,0.9657603222557906,0.78,0.963,0.83,0.864,0.825,0.966,0.597,0.963,0.946,0.959
86.99,4.568588405847549,0.8180862250262881,0.9989583333333333,0.7409747292418772,0.9084210526315789,0.7540983606557377,0.9691235059760956,0.6441393875395988,0.9450441609421001,0.9674465920651069,0.9724489795918367,0.778,0.959,0.821,0.863,0.828,0.973,0.61,0.963,0.951,0.953
86.98,4.616149187088013,0.8367117117117117,0.998960498960499,0.7406417112299465,0.898043254376931,0.7728585178055823,0.9691235059760956,0.629016553067186,0.9467980295566503,0.9645748987854251,0.9705284552845529,0.743,0.961,0.831,0.872,0.803,0.973,0.646,0.961,0.953,0.955
86.85,4.6317118704319,0.8257993384785005,0.9989561586638831,0.735216240070609,0.9068062827225131,0.7692307692307693,0.9728643216080402,0.626984126984127,0.9441723800195886,0.9664292980671414,0.9685916919959473,0.749,0.957,0.833,0.866,0.81,0.968,0.632,0.964,0.95,0.956
86.97,4.5065427124500275,0.8108672936259144,0.9989626556016598,0.7426796805678794,0.9109225874867445,0.767200754005655,0.9719438877755511,0.6353305785123967,0.9405458089668616,0.9692307692307692,0.9714576962283384,0.776,0.963,0.837,0.859,0.814,0.97,0.615,0.965,0.945,0.953
86.95,4.56767663359642,0.8128898128898129,0.9989594172736732,0.7267241379310345,0.9039665970772442,0.7684310018903592,0.9719157472417251,0.648854961832061,0.9467455621301775,0.9683673469387755,0.9647532729103726,0.782,0.96,0.843,0.866,0.813,0.969,0.595,0.96,0.949,0.958
86.98,4.618145197629929,0.8124352331606217,0.9989517819706499,0.7459605026929982,0.9165775401069519,0.7620817843866171,0.9653808110781404,0.634020618556701,0.9484638255698712,0.9663951120162932,0.9715447154471545,0.784,0.953,0.831,0.857,0.82,0.976,0.615,0.957,0.949,0.956
87.04,4.620715886354446,0.8138572905894519,0.9989626556016598,0.7326820603907638,0.9180851063829787,0.7583025830258303,0.9682854311199207,0.6504329004329005,0.9441176470588235,0.9616935483870968,0.9743326488706365,0.787,0.963,0.825,0.863,0.822,0.977,0.601,0.963,0.954,0.949
87.09,4.565919250249863,0.8017928286852589,0.998960498960499,0.7382847038019452,0.9196141479099679,0.7584629460201281,0.9680957128614157,0.6621773288439955,0.9367088607594937,0.9683995922528033,0.9723076923076923,0.805,0.961,0.835,0.858,0.829,0.971,0.59,0.962,0.95,0.948
86.83,4.62692654132843,0.8329621380846325,0.9979253112033195,0.7402135231316725,0.9110169491525424,0.763653483992467,0.97,0.6185365853658537,0.9467980295566503,0.9673802242609582,0.9685916919959473,0.748,0.962,0.832,0.86,0.811,0.97,0.634,0.961,0.949,0.956
86.9,4.67790675163269,0.8239130434782609,0.997920997920998,0.7385159010600707,0.9068062827225131,0.7657572906867357,0.97002997002997,0.6317907444668008,0.9404878048780487,0.9711934156378601,0.9723360655737705,0.758,0.96,0.836,0.866,0.814,0.971,0.628,0.964,0.944,0.949
86.77,4.658414125442505,0.8320090805902384,0.998960498960499,0.7225583405358686,0.9127659574468086,0.7612903225806451,0.9728643216080402,0.6309887869520897,0.9449901768172888,0.9656565656565657,0.9667003027245207,0.733,0.961,0.836,0.858,0.826,0.968,0.619,0.962,0.956,0.958
86.98,4.605607897043228,0.8001988071570576,0.9989583333333333,0.7299651567944251,0.9117021276595745,0.7686496694995278,0.9719438877755511,0.6513452914798207,0.9486673247778875,0.9617321248741189,0.9667003027245207,0.805,0.959,0.838,0.857,0.814,0.97,0.581,0.961,0.955,0.958
